<xml xmlns:s="uuid:BDC6E3F0-6DA3-11d1-A2A3-00AA00C14882" xmlns:dt="uuid:C2F41010-65B3-11d1-A29F-00AA00C14882" xmlns:rs="urn:schemas-microsoft-com:rowset" xmlns:z="#RowsetSchema"><s:Schema id="RowsetSchema"><s:ElementType name="row" content="eltOnly" rs:updatable="true"><s:AttributeType name="MAC_CONDITION" rs:number="1" rs:basetable="M_ACTIONCONDITIONS" rs:basecolumn="MAC_CONDITION"><s:datatype dt:type="string" dt:maxLength="1100"/></s:AttributeType><s:AttributeType name="MAC_ID" rs:number="2" rs:basetable="M_ACTIONCONDITIONS" rs:basecolumn="MAC_ID" rs:keycolumn="true"><s:datatype dt:type="int" dt:maxLength="4" rs:precision="10" rs:fixedlength="true" rs:maybenull="false"/></s:AttributeType><s:AttributeType name="MAC_TABLEMETAID" rs:number="3" rs:basetable="M_ACTIONCONDITIONS" rs:basecolumn="MAC_TABLEMETAID" foregn="M_DATASETS"><s:datatype dt:type="int" dt:maxLength="4" rs:precision="10" rs:fixedlength="true"/><s:default>-1</s:default></s:AttributeType><s:AttributeType name="MAC_PROCEDURENAME" rs:number="4" rs:basetable="M_ACTIONCONDITIONS" rs:basecolumn="MAC_PROCEDURENAME"><s:datatype dt:type="int" dt:maxLength="4" rs:precision="10" rs:fixedlength="true"/></s:AttributeType><s:AttributeType name="MAC_ACTIONNAME" rs:number="5" rs:basetable="M_ACTIONCONDITIONS" rs:basecolumn="MAC_ACTIONNAME"><s:datatype dt:type="int" dt:maxLength="4" rs:precision="10" rs:fixedlength="true"/></s:AttributeType><s:AttributeType name="MAC_PROCPARAM" rs:number="6" rs:basetable="M_ACTIONCONDITIONS" rs:basecolumn="MAC_PROCPARAM"><s:datatype dt:type="string" dt:maxLength="255"/></s:AttributeType><s:AttributeType name="MAC_DELETED" rs:number="7" rs:basetable="M_ACTIONCONDITIONS" rs:basecolumn="MAC_DELETED"><s:datatype dt:type="i2" dt:maxLength="2" rs:precision="5" rs:fixedlength="true"/><s:default>0</s:default></s:AttributeType><s:extends type="rs:rowbase"/></s:ElementType></s:Schema><rs:data/></xml>
