<xml xmlns:s="uuid:BDC6E3F0-6DA3-11d1-A2A3-00AA00C14882" xmlns:dt="uuid:C2F41010-65B3-11d1-A29F-00AA00C14882" xmlns:rs="urn:schemas-microsoft-com:rowset" xmlns:z="#RowsetSchema"><s:Schema id="RowsetSchema"><s:ElementType name="row" content="eltOnly" rs:updatable="true"><s:AttributeType name="MCP_NAME" rs:number="1" rs:basetable="M_COMMAND_PARAMS" rs:basecolumn="MCP_NAME"><s:datatype dt:type="string" dt:maxLength="255"/></s:AttributeType><s:AttributeType name="MCP_CAPTION" rs:number="2" rs:basetable="M_COMMAND_PARAMS" rs:basecolumn="MCP_CAPTION"><s:datatype dt:type="string" dt:maxLength="255"/></s:AttributeType><s:AttributeType name="MCP_ID" rs:number="3" rs:basetable="M_COMMAND_PARAMS" rs:basecolumn="MCP_ID" rs:keycolumn="true"><s:datatype dt:type="int" dt:maxLength="4" rs:precision="10" rs:fixedlength="true" rs:maybenull="false"/></s:AttributeType><s:AttributeType name="MCP_COMMAND" rs:number="4" rs:basetable="M_COMMAND_PARAMS" rs:basecolumn="MCP_COMMAND" foregn="M_COMMANDS"><s:datatype dt:type="int" dt:maxLength="4" rs:precision="10" rs:fixedlength="true" rs:maybenull="false"/></s:AttributeType><s:AttributeType name="MCP_TYPE" rs:number="5" rs:basetable="M_COMMAND_PARAMS" rs:basecolumn="MCP_TYPE"><s:datatype dt:type="int" dt:maxLength="4" rs:precision="10" rs:fixedlength="true" rs:maybenull="false"/></s:AttributeType><s:AttributeType name="MCP_COLUMN" rs:number="6" rs:basetable="M_COMMAND_PARAMS" rs:basecolumn="MCP_COLUMN"><s:datatype dt:type="int" dt:maxLength="4" rs:precision="10" rs:fixedlength="true" rs:maybenull="false"/><s:default>1</s:default></s:AttributeType><s:AttributeType name="MCP_VALUE" rs:number="7" rs:basetable="M_COMMAND_PARAMS" rs:basecolumn="MCP_VALUE"><s:datatype dt:type="string" dt:maxLength="1100"/></s:AttributeType><s:AttributeType name="MCP_HIDDEN" rs:number="8" rs:basetable="M_COMMAND_PARAMS" rs:basecolumn="MCP_HIDDEN"><s:datatype dt:type="i2" dt:maxLength="2" rs:precision="5" rs:fixedlength="true" rs:maybenull="false"/><s:default>0</s:default></s:AttributeType><s:AttributeType name="MCP_DATASET" rs:number="9" rs:basetable="M_COMMAND_PARAMS" rs:basecolumn="MCP_DATASET" foregn="M_DATASETS"><s:datatype dt:type="int" dt:maxLength="4" rs:precision="10" rs:fixedlength="true"/></s:AttributeType><s:AttributeType name="MCP_FILTER" rs:number="10" rs:basetable="M_COMMAND_PARAMS" rs:basecolumn="MCP_FILTER"><s:datatype dt:type="string" dt:maxLength="1100"/></s:AttributeType><s:AttributeType name="MCP_ORDER" rs:number="11" rs:basetable="M_COMMAND_PARAMS" rs:basecolumn="MCP_ORDER"><s:datatype dt:type="int" dt:maxLength="4" rs:precision="10" rs:fixedlength="true"/><s:default>0</s:default></s:AttributeType><s:extends type="rs:rowbase"/></s:ElementType></s:Schema><rs:data><z:row MCP_NAME="@slogin" MCP_ID="99" MCP_COMMAND="1" MCP_TYPE="6" MCP_COLUMN="1" MCP_VALUE="MUS_LOGIN" MCP_HIDDEN="1"/></rs:data></xml>
