<xml xmlns:s="uuid:BDC6E3F0-6DA3-11d1-A2A3-00AA00C14882" xmlns:dt="uuid:C2F41010-65B3-11d1-A29F-00AA00C14882" xmlns:rs="urn:schemas-microsoft-com:rowset" xmlns:z="#RowsetSchema"><s:Schema id="RowsetSchema"><s:ElementType name="row" content="eltOnly" rs:updatable="true"><s:AttributeType name="MCN_MESSAGE" rs:number="1" rs:basetable="M_CONSTRAINTS" rs:basecolumn="MCN_MESSAGE"><s:datatype dt:type="string" dt:maxLength="1024"/></s:AttributeType><s:AttributeType name="MCN_FIELD" rs:number="2" rs:basetable="M_CONSTRAINTS" rs:basecolumn="MCN_FIELD" foregn="M_FIELDS"><s:datatype dt:type="int" dt:maxLength="4" rs:precision="10" rs:fixedlength="true"/></s:AttributeType><s:AttributeType name="MCN_ID" rs:number="3" rs:basetable="M_CONSTRAINTS" rs:basecolumn="MCN_ID" rs:keycolumn="true"><s:datatype dt:type="int" dt:maxLength="4" rs:precision="10" rs:fixedlength="true" rs:maybenull="false"/></s:AttributeType><s:AttributeType name="MCN_DATASET" rs:number="4" rs:basetable="M_CONSTRAINTS" rs:basecolumn="MCN_DATASET" foregn="M_DATASETS"><s:datatype dt:type="int" dt:maxLength="4" rs:precision="10" rs:fixedlength="true"/></s:AttributeType><s:AttributeType name="MCN_CASES" rs:number="5" rs:basetable="M_CONSTRAINTS" rs:basecolumn="MCN_CASES"><s:datatype dt:type="int" dt:maxLength="4" rs:precision="10" rs:fixedlength="true"/></s:AttributeType><s:AttributeType name="MCN_ACTION" rs:number="6" rs:basetable="M_CONSTRAINTS" rs:basecolumn="MCN_ACTION"><s:datatype dt:type="int" dt:maxLength="4" rs:precision="10" rs:fixedlength="true"/></s:AttributeType><s:AttributeType name="MCN_DELETED" rs:number="7" rs:basetable="M_CONSTRAINTS" rs:basecolumn="MCN_DELETED"><s:datatype dt:type="i2" dt:maxLength="2" rs:precision="5" rs:fixedlength="true"/><s:default>0</s:default></s:AttributeType><s:AttributeType name="MCN_STATE" rs:number="8" rs:basetable="M_CONSTRAINTS" rs:basecolumn="MCN_STATE"><s:datatype dt:type="i2" dt:maxLength="2" rs:precision="5" rs:fixedlength="true"/><s:default>0</s:default></s:AttributeType><s:AttributeType name="MCN_EXPRESSION" rs:number="9" rs:basetable="M_CONSTRAINTS" rs:basecolumn="MCN_EXPRESSION"><s:datatype dt:type="string" dt:maxLength="1024"/></s:AttributeType><s:extends type="rs:rowbase"/></s:ElementType></s:Schema><rs:data><z:row MCN_MESSAGE="_eRror.setfield '_Dataset'" MCN_FIELD="134" MCN_ID="8" MCN_DATASET="212" MCN_CASES="4" MCN_ACTION="2" MCN_DELETED="0" MCN_STATE="0" MCN_EXPRESSION="MDS_TABLE=''"/><z:row MCN_MESSAGE="_eRror.setfield '_Solution'" MCN_FIELD="134" MCN_ID="9" MCN_DATASET="212" MCN_CASES="4" MCN_ACTION="2" MCN_DELETED="0" MCN_STATE="0" MCN_EXPRESSION="MDS_SOLUTION=0"/><z:row MCN_MESSAGE="_eRror.setfield '_Dataset'" MCN_FIELD="143" MCN_ID="15" MCN_DATASET="102" MCN_CASES="4" MCN_ACTION="1" MCN_DELETED="0" MCN_STATE="1" MCN_EXPRESSION="(MMN_TYPE=1)and(MMN_DATASET=0)"/><z:row MCN_MESSAGE="_Error.elem.fieldpresent" MCN_FIELD="124" MCN_ID="18" MCN_DATASET="101" MCN_CASES="6" MCN_ACTION="1" MCN_DELETED="0" MCN_STATE="1" MCN_EXPRESSION="(MEL_FIELD&gt;0)and((MEL_TYPE&lt;3)or(MEL_TYPE=4)or(MEL_TYPE=5)or(MEL_TYPE=57)or(MEL_TYPE=53))"/><z:row MCN_MESSAGE="_eRror.setfield '_Owner'" MCN_FIELD="116" MCN_ID="19" MCN_DATASET="101" MCN_CASES="6" MCN_ACTION="1" MCN_DELETED="0" MCN_STATE="1" MCN_EXPRESSION="(MEL_TYPE&lt;&gt;1)and(MEL_OWNER=0)"/><z:row MCN_MESSAGE="_Error.elem.linkpresent" MCN_FIELD="125" MCN_ID="32" MCN_DATASET="101" MCN_CASES="6" MCN_ACTION="1" MCN_DELETED="0" MCN_STATE="1" MCN_EXPRESSION="(MEL_LINK&lt;&gt;0)and((MEL_TYPE&lt;6)or(MEL_TYPE=8)or(MEL_TYPE&gt;59)or(MEL_TYPE=58)or(MEL_TYPE=56))"/><z:row MCN_MESSAGE="_Error.elem.nolink" MCN_FIELD="125" MCN_ID="33" MCN_DATASET="101" MCN_CASES="6" MCN_ACTION="1" MCN_DELETED="0" MCN_STATE="1" MCN_EXPRESSION="(MEL_LINK=0)and((MEL_TYPE=57)or(MEL_TYPE=53))"/><z:row MCN_MESSAGE="_eRror.setfield '_Df.Type'" MCN_FIELD="72" MCN_ID="40" MCN_DATASET="23" MCN_CASES="22" MCN_ACTION="1" MCN_DELETED="0" MCN_STATE="0" MCN_EXPRESSION="isnull(MCO_TYPE)"/><z:row MCN_MESSAGE="_eRror.setfield '_Df.Order'" MCN_FIELD="82" MCN_ID="41" MCN_DATASET="23" MCN_CASES="22" MCN_ACTION="2" MCN_DELETED="0" MCN_STATE="0" MCN_EXPRESSION="isnull(MCO_ORDER)"/><z:row MCN_MESSAGE="Выберите иконку для команды" MCN_FIELD="71" MCN_ID="42" MCN_DATASET="23" MCN_CASES="22" MCN_ACTION="2" MCN_DELETED="0" MCN_STATE="0" MCN_EXPRESSION="isnull(MCO_ICO)"/><z:row MCN_MESSAGE="Укажите имя хранимой процедуры в базе данных для команды" MCN_FIELD="74" MCN_ID="43" MCN_DATASET="23" MCN_CASES="22" MCN_ACTION="1" MCN_DELETED="0" MCN_STATE="0" MCN_EXPRESSION="(length(MCO_PROCEDURE)=0) and (MCO_TYPE=2)"/><z:row MCN_MESSAGE="Если Вы не укажите имя команды, то её вызов из группы будет невозможен" MCN_FIELD="85" MCN_ID="45" MCN_DATASET="23" MCN_CASES="22" MCN_ACTION="2" MCN_DELETED="0" MCN_STATE="0" MCN_EXPRESSION="length(MCO_ORIGINAL)=0"/></rs:data></xml>
