<xml xmlns:s="uuid:BDC6E3F0-6DA3-11d1-A2A3-00AA00C14882" xmlns:dt="uuid:C2F41010-65B3-11d1-A29F-00AA00C14882" xmlns:rs="urn:schemas-microsoft-com:rowset" xmlns:z="#RowsetSchema"><s:Schema id="RowsetSchema"><s:ElementType name="row" content="eltOnly" rs:updatable="true"><s:AttributeType name="MCO_NAME" rs:number="1" rs:basetable="M_COMMANDS" rs:basecolumn="MCO_NAME"><s:datatype dt:type="string" dt:maxLength="255"/></s:AttributeType><s:AttributeType name="MCO_ID" rs:number="2" rs:basetable="M_COMMANDS" rs:basecolumn="MCO_ID" rs:keycolumn="true"><s:datatype dt:type="int" dt:maxLength="4" rs:precision="10" rs:fixedlength="true" rs:maybenull="false"/></s:AttributeType><s:AttributeType name="MCO_SOLUTION" rs:number="3" rs:basetable="M_COMMANDS" rs:basecolumn="MCO_SOLUTION" foregn="M_SOLUTIONS"><s:datatype dt:type="int" dt:maxLength="4" rs:precision="10" rs:fixedlength="true"/></s:AttributeType><s:AttributeType name="MCO_DATASET" rs:number="4" rs:basetable="M_COMMANDS" rs:basecolumn="MCO_DATASET" foregn="M_DATASETS"><s:datatype dt:type="int" dt:maxLength="4" rs:precision="10" rs:fixedlength="true"/></s:AttributeType><s:AttributeType name="MCO_ICO" rs:number="5" rs:basetable="M_COMMANDS" rs:basecolumn="MCO_ICO"><s:datatype dt:type="int" dt:maxLength="4" rs:precision="10" rs:fixedlength="true"/><s:default>25</s:default></s:AttributeType><s:AttributeType name="MCO_TYPE" rs:number="6" rs:basetable="M_COMMANDS" rs:basecolumn="MCO_TYPE"><s:datatype dt:type="int" dt:maxLength="4" rs:precision="10" rs:fixedlength="true" rs:maybenull="false"/></s:AttributeType><s:AttributeType name="MCO_FILE" rs:number="7" rs:basetable="M_COMMANDS" rs:basecolumn="MCO_FILE"><s:datatype dt:type="string" dt:maxLength="1100"/></s:AttributeType><s:AttributeType name="MCO_PROCEDURE" rs:number="8" rs:basetable="M_COMMANDS" rs:basecolumn="MCO_PROCEDURE"><s:datatype dt:type="string" dt:maxLength="1100"/></s:AttributeType><s:AttributeType name="MCO_PARAM" rs:number="9" rs:basetable="M_COMMANDS" rs:basecolumn="MCO_PARAM"><s:datatype dt:type="string" dt:maxLength="1100"/></s:AttributeType><s:AttributeType name="MCO_QUESTION" rs:number="10" rs:basetable="M_COMMANDS" rs:basecolumn="MCO_QUESTION"><s:datatype dt:type="string" dt:maxLength="1100"/></s:AttributeType><s:AttributeType name="MCO_BREAK" rs:number="11" rs:basetable="M_COMMANDS" rs:basecolumn="MCO_BREAK"><s:datatype dt:type="i2" dt:maxLength="2" rs:precision="5" rs:fixedlength="true"/><s:default>0</s:default></s:AttributeType><s:AttributeType name="MCO_ENABLED" rs:number="12" rs:basetable="M_COMMANDS" rs:basecolumn="MCO_ENABLED"><s:datatype dt:type="string" dt:maxLength="1100"/></s:AttributeType><s:AttributeType name="MCO_VISIBLE" rs:number="13" rs:basetable="M_COMMANDS" rs:basecolumn="MCO_VISIBLE"><s:datatype dt:type="string" dt:maxLength="1100"/></s:AttributeType><s:AttributeType name="MCO_COMMENT" rs:number="14" rs:basetable="M_COMMANDS" rs:basecolumn="MCO_COMMENT"><s:datatype dt:type="string" dt:maxLength="1100"/></s:AttributeType><s:AttributeType name="MCO_DELETED" rs:number="15" rs:basetable="M_COMMANDS" rs:basecolumn="MCO_DELETED"><s:datatype dt:type="i2" dt:maxLength="2" rs:precision="5" rs:fixedlength="true"/><s:default>0</s:default></s:AttributeType><s:AttributeType name="MCO_ORDER" rs:number="16" rs:basetable="M_COMMANDS" rs:basecolumn="MCO_ORDER"><s:datatype dt:type="int" dt:maxLength="4" rs:precision="10" rs:fixedlength="true"/><s:default>0</s:default></s:AttributeType><s:AttributeType name="MCO_SHORTCUT" rs:number="17" rs:basetable="M_COMMANDS" rs:basecolumn="MCO_SHORTCUT"><s:datatype dt:type="string" dt:maxLength="50"/></s:AttributeType><s:AttributeType name="MCO_CATEGORY" rs:number="18" rs:basetable="M_COMMANDS" rs:basecolumn="MCO_CATEGORY"><s:datatype dt:type="string" dt:maxLength="255"/></s:AttributeType><s:AttributeType name="MCO_ORIGINAL" rs:number="19" rs:basetable="M_COMMANDS" rs:basecolumn="MCO_ORIGINAL"><s:datatype dt:type="string" dt:maxLength="255"/></s:AttributeType><s:AttributeType name="MCO_DATA" rs:number="20" rs:basetable="M_COMMANDS" rs:basecolumn="MCO_DATA"><s:datatype dt:type="bin.hex" dt:maxLength="2147483647" rs:long="true"/></s:AttributeType><s:AttributeType name="MCO_ACTIVE" rs:number="21" rs:basetable="M_COMMANDS" rs:basecolumn="MCO_ACTIVE"><s:datatype dt:type="i2" dt:maxLength="2" rs:precision="5" rs:fixedlength="true"/><s:default>1</s:default></s:AttributeType><s:AttributeType name="MCO_BEFORE" rs:number="22" rs:basetable="M_COMMANDS" rs:basecolumn="MCO_BEFORE"><s:datatype dt:type="string" dt:maxLength="1100"/></s:AttributeType><s:AttributeType name="MCO_AFTER" rs:number="23" rs:basetable="M_COMMANDS" rs:basecolumn="MCO_AFTER"><s:datatype dt:type="string" dt:maxLength="1100"/></s:AttributeType><s:AttributeType name="MCO_GUID" rs:number="24" rs:basetable="M_COMMANDS" rs:basecolumn="MCO_GUID"><s:datatype dt:type="uuid" dt:maxLength="16" rs:fixedlength="true"/><s:default>NEWGUID()</s:default></s:AttributeType><s:extends type="rs:rowbase"/></s:ElementType></s:Schema><rs:data><z:row MCO_NAME="Add user in MS SQL server" MCO_ID="1" MCO_SOLUTION="1" MCO_DATASET="237" MCO_ICO="7106564" MCO_TYPE="2" MCO_FILE="*" MCO_PROCEDURE="sp_AddUSERLOGIN" MCO_PARAM="1" MCO_QUESTION="1" MCO_BREAK="0" MCO_DELETED="0" MCO_ORDER="10" MCO_ORIGINAL="_SP_ADDUSERLOGIN" MCO_ACTIVE="1" MCO_GUID="{480791C5-55C4-4258-84E6-39824A021651}"/></rs:data></xml>
