<xml xmlns:s="uuid:BDC6E3F0-6DA3-11d1-A2A3-00AA00C14882" xmlns:dt="uuid:C2F41010-65B3-11d1-A29F-00AA00C14882" xmlns:rs="urn:schemas-microsoft-com:rowset" xmlns:z="#RowsetSchema"><s:Schema id="RowsetSchema"><s:ElementType name="row" content="eltOnly" rs:updatable="true"><s:AttributeType name="MDB_ALIAS" rs:number="1" rs:basetable="M_DATABASES" rs:basecolumn="MDB_ALIAS"><s:datatype dt:type="string" dt:maxLength="255"/></s:AttributeType><s:AttributeType name="MDB_ID" rs:number="2" rs:basetable="M_DATABASES" rs:basecolumn="MDB_ID" rs:keycolumn="true"><s:datatype dt:type="int" dt:maxLength="4" rs:precision="10" rs:fixedlength="true" rs:maybenull="false"/></s:AttributeType><s:AttributeType name="MDB_TYPE" rs:number="3" rs:basetable="M_DATABASES" rs:basecolumn="MDB_TYPE"><s:datatype dt:type="int" dt:maxLength="4" rs:precision="10" rs:fixedlength="true"/><s:default>1</s:default></s:AttributeType><s:AttributeType name="MDB_PATH" rs:number="4" rs:basetable="M_DATABASES" rs:basecolumn="MDB_PATH"><s:datatype dt:type="string" dt:maxLength="1100"/></s:AttributeType><s:AttributeType name="MDB_LOGIN" rs:number="5" rs:basetable="M_DATABASES" rs:basecolumn="MDB_LOGIN"><s:datatype dt:type="string" dt:maxLength="255"/></s:AttributeType><s:AttributeType name="MDB_PASSWORD" rs:number="6" rs:basetable="M_DATABASES" rs:basecolumn="MDB_PASSWORD"><s:datatype dt:type="string" dt:maxLength="255"/></s:AttributeType><s:AttributeType name="MDB_DELETED" rs:number="7" rs:basetable="M_DATABASES" rs:basecolumn="MDB_DELETED"><s:datatype dt:type="i2" dt:maxLength="2" rs:precision="5" rs:fixedlength="true"/><s:default>0</s:default></s:AttributeType><s:AttributeType name="MDB_DEFAULT" rs:number="8" rs:basetable="M_DATABASES" rs:basecolumn="MDB_DEFAULT"><s:datatype dt:type="i2" dt:maxLength="2" rs:precision="5" rs:fixedlength="true"/><s:default>0</s:default></s:AttributeType><s:AttributeType name="MDB_READONLY" rs:number="9" rs:basetable="M_DATABASES" rs:basecolumn="MDB_READONLY"><s:datatype dt:type="i2" dt:maxLength="2" rs:precision="5" rs:fixedlength="true"/><s:default>0</s:default></s:AttributeType><s:AttributeType name="MDB_SERVER" rs:number="10" rs:basetable="M_DATABASES" rs:basecolumn="MDB_SERVER"><s:datatype dt:type="string" dt:maxLength="255"/></s:AttributeType><s:AttributeType name="MDB_DATABASE" rs:number="11" rs:basetable="M_DATABASES" rs:basecolumn="MDB_DATABASE"><s:datatype dt:type="string" dt:maxLength="255"/></s:AttributeType><s:AttributeType name="MDB_CHARSET" rs:number="12" rs:basetable="M_DATABASES" rs:basecolumn="MDB_CHARSET"><s:datatype dt:type="int" dt:maxLength="4" rs:precision="10" rs:fixedlength="true"/><s:default>0</s:default></s:AttributeType><s:AttributeType name="MDB_SOLUTION" rs:number="13" rs:basetable="M_DATABASES" rs:basecolumn="MDB_SOLUTION" foregn="M_SOLUTIONS"><s:datatype dt:type="int" dt:maxLength="4" rs:precision="10" rs:fixedlength="true"/></s:AttributeType><s:AttributeType name="MDB_GUID" rs:number="14" rs:basetable="M_DATABASES" rs:basecolumn="MDB_GUID"><s:datatype dt:type="uuid" dt:maxLength="16" rs:fixedlength="true"/><s:default>NEWGUID()</s:default></s:AttributeType><s:extends type="rs:rowbase"/></s:ElementType></s:Schema><rs:data><z:row MDB_ALIAS="База метаструктуры" MDB_ID="0" MDB_TYPE="8" MDB_LOGIN="sa" MDB_DELETED="0" MDB_DEFAULT="1" MDB_READONLY="0" MDB_SERVER="cloud.dbco.ru" MDB_DATABASE="META_CLEAR" MDB_CHARSET="0" MDB_GUID="{FE8ED7E0-DBC0-4C3B-81B2-13BF1C6C9422}"/></rs:data></xml>
