<xml xmlns:s="uuid:BDC6E3F0-6DA3-11d1-A2A3-00AA00C14882" xmlns:dt="uuid:C2F41010-65B3-11d1-A29F-00AA00C14882" xmlns:rs="urn:schemas-microsoft-com:rowset" xmlns:z="#RowsetSchema"><s:Schema id="RowsetSchema"><s:ElementType name="row" content="eltOnly" rs:updatable="true"><s:AttributeType name="MDS_NAME" rs:number="1" rs:basetable="M_DATASETS" rs:basecolumn="MDS_NAME"><s:datatype dt:type="string" dt:maxLength="255"/></s:AttributeType><s:AttributeType name="MDS_GVIEWTYPE" rs:number="2" rs:basetable="M_DATASETS" rs:basecolumn="MDS_GVIEWTYPE"><s:datatype dt:type="int" dt:maxLength="4" rs:precision="10" rs:fixedlength="true"/><s:default>1</s:default></s:AttributeType><s:AttributeType name="MDS_GVIEWPARS" rs:number="3" rs:basetable="M_DATASETS" rs:basecolumn="MDS_GVIEWPARS"><s:datatype dt:type="string" dt:maxLength="1100"/></s:AttributeType><s:AttributeType name="MDS_SOLUTION" rs:number="4" rs:basetable="M_DATASETS" rs:basecolumn="MDS_SOLUTION" foregn="M_SOLUTIONS"><s:datatype dt:type="int" dt:maxLength="4" rs:precision="10" rs:fixedlength="true"/></s:AttributeType><s:AttributeType name="MDS_PARENT" rs:number="5" rs:basetable="M_DATASETS" rs:basecolumn="MDS_PARENT" foregn="M_DATASETS"><s:datatype dt:type="int" dt:maxLength="4" rs:precision="10" rs:fixedlength="true"/></s:AttributeType><s:AttributeType name="MDS_ID" rs:number="6" rs:basetable="M_DATASETS" rs:basecolumn="MDS_ID" rs:keycolumn="true"><s:datatype dt:type="int" dt:maxLength="4" rs:precision="10" rs:fixedlength="true" rs:maybenull="false"/></s:AttributeType><s:AttributeType name="MDS_ISLIST" rs:number="7" rs:basetable="M_DATASETS" rs:basecolumn="MDS_ISLIST"><s:datatype dt:type="i2" dt:maxLength="2" rs:precision="5" rs:fixedlength="true" rs:maybenull="false"/><s:default>3</s:default></s:AttributeType><s:AttributeType name="MDS_SCHEMA" rs:number="8" rs:basetable="M_DATASETS" rs:basecolumn="MDS_SCHEMA"><s:datatype dt:type="string" dt:maxLength="255"/></s:AttributeType><s:AttributeType name="MDS_TABLE" rs:number="9" rs:basetable="M_DATASETS" rs:basecolumn="MDS_TABLE"><s:datatype dt:type="string" dt:maxLength="255"/></s:AttributeType><s:AttributeType name="MDS_UPDATE" rs:number="10" rs:basetable="M_DATASETS" rs:basecolumn="MDS_UPDATE"><s:datatype dt:type="string" dt:maxLength="1073741823" rs:long="true"/></s:AttributeType><s:AttributeType name="MDS_DELETE" rs:number="11" rs:basetable="M_DATASETS" rs:basecolumn="MDS_DELETE"><s:datatype dt:type="string" dt:maxLength="1073741823" rs:long="true"/></s:AttributeType><s:AttributeType name="MDS_SELECT" rs:number="12" rs:basetable="M_DATASETS" rs:basecolumn="MDS_SELECT"><s:datatype dt:type="string" dt:maxLength="1073741823" rs:long="true"/></s:AttributeType><s:AttributeType name="MDS_INSERT" rs:number="13" rs:basetable="M_DATASETS" rs:basecolumn="MDS_INSERT"><s:datatype dt:type="string" dt:maxLength="1073741823" rs:long="true"/></s:AttributeType><s:AttributeType name="MDS_GENERATOR" rs:number="14" rs:basetable="M_DATASETS" rs:basecolumn="MDS_GENERATOR"><s:datatype dt:type="string" dt:maxLength="255"/></s:AttributeType><s:AttributeType name="MDS_ICO" rs:number="15" rs:basetable="M_DATASETS" rs:basecolumn="MDS_ICO"><s:datatype dt:type="int" dt:maxLength="4" rs:precision="10" rs:fixedlength="true"/><s:default>24</s:default></s:AttributeType><s:AttributeType name="MDS_DATABASE" rs:number="16" rs:basetable="M_DATASETS" rs:basecolumn="MDS_DATABASE" foregn="M_DATABASES"><s:datatype dt:type="int" dt:maxLength="4" rs:precision="10" rs:fixedlength="true"/></s:AttributeType><s:AttributeType name="MDS_READONLY" rs:number="17" rs:basetable="M_DATASETS" rs:basecolumn="MDS_READONLY"><s:datatype dt:type="i2" dt:maxLength="2" rs:precision="5" rs:fixedlength="true"/><s:default>0</s:default></s:AttributeType><s:AttributeType name="MDS_DELETED" rs:number="18" rs:basetable="M_DATASETS" rs:basecolumn="MDS_DELETED"><s:datatype dt:type="i2" dt:maxLength="2" rs:precision="5" rs:fixedlength="true"/><s:default>0</s:default></s:AttributeType><s:AttributeType name="MDS_FILTER" rs:number="19" rs:basetable="M_DATASETS" rs:basecolumn="MDS_FILTER"><s:datatype dt:type="string" dt:maxLength="1100"/></s:AttributeType><s:AttributeType name="MDS_CAPTION" rs:number="20" rs:basetable="M_DATASETS" rs:basecolumn="MDS_CAPTION"><s:datatype dt:type="string" dt:maxLength="1100"/></s:AttributeType><s:AttributeType name="MDS_GUID" rs:number="21" rs:basetable="M_DATASETS" rs:basecolumn="MDS_GUID"><s:datatype dt:type="uuid" dt:maxLength="16" rs:fixedlength="true"/><s:default>NEWGUID()</s:default></s:AttributeType><s:AttributeType name="MDS_ONADDMENU" rs:number="22" rs:basetable="M_DATASETS" rs:basecolumn="MDS_ONADDMENU"><s:datatype dt:type="i2" dt:maxLength="2" rs:precision="5" rs:fixedlength="true"/><s:default>0</s:default></s:AttributeType><s:extends type="rs:rowbase"/></s:ElementType></s:Schema><rs:data><z:row MDS_NAME="_Da.Commands" MDS_GVIEWTYPE="1" MDS_SOLUTION="1" MDS_ID="23" MDS_ISLIST="3" MDS_TABLE="M_COMMANDS" MDS_ICO="97" MDS_DATABASE="0" MDS_READONLY="0" MDS_DELETED="0" MDS_GUID="{AFDCF89C-4008-40C1-91E1-648C03E178FA}" MDS_ONADDMENU="0"/><z:row MDS_NAME="_Da.CommandParam" MDS_GVIEWTYPE="1" MDS_SOLUTION="1" MDS_ID="24" MDS_ISLIST="4" MDS_TABLE="M_COMMAND_PARAMS" MDS_ICO="28" MDS_DATABASE="0" MDS_READONLY="0" MDS_DELETED="0" MDS_GUID="{E67E2F46-B227-4F61-A9AA-43FCB1256577}" MDS_ONADDMENU="0"/><z:row MDS_NAME="_Dt.Charsets" MDS_GVIEWTYPE="1" MDS_SOLUTION="1" MDS_ID="25" MDS_ISLIST="2" MDS_TABLE="MD_CHARSETS" MDS_ICO="1011741" MDS_DATABASE="-1" MDS_READONLY="1" MDS_DELETED="0" MDS_GUID="{42EA0D73-A141-47DA-A7B7-658856E3F77A}" MDS_ONADDMENU="0"/><z:row MDS_NAME="_Dt.FormElement" MDS_GVIEWTYPE="1" MDS_SOLUTION="1" MDS_ID="101" MDS_ISLIST="3" MDS_TABLE="M_ELEMENTS" MDS_ICO="64" MDS_DATABASE="0" MDS_READONLY="0" MDS_DELETED="0" MDS_GUID="{F62DC0DA-8FB2-42AD-A8A4-CACAD58E80CA}" MDS_ONADDMENU="0"/><z:row MDS_NAME="_Dt.Menu" MDS_GVIEWTYPE="2" MDS_SOLUTION="1" MDS_ID="102" MDS_ISLIST="3" MDS_TABLE="M_MENU" MDS_ICO="96" MDS_DATABASE="0" MDS_READONLY="0" MDS_DELETED="0" MDS_GUID="{97FBBB51-7D48-4A08-96BA-9CCB1B7A44C3}" MDS_ONADDMENU="0"/><z:row MDS_NAME="_Dt.Field" MDS_GVIEWTYPE="1" MDS_SOLUTION="1" MDS_ID="103" MDS_ISLIST="3" MDS_TABLE="M_FIELDS" MDS_ICO="69" MDS_DATABASE="0" MDS_READONLY="0" MDS_DELETED="0" MDS_GUID="{3B1DCF13-FE25-4F70-911B-C8DB26D291AC}" MDS_ONADDMENU="0"/><z:row MDS_NAME="_Dt.DataSet" MDS_GVIEWTYPE="2" MDS_SOLUTION="1" MDS_ID="212" MDS_ISLIST="3" MDS_TABLE="M_DATASETS" MDS_ICO="68" MDS_DATABASE="0" MDS_READONLY="0" MDS_DELETED="0" MDS_GUID="{F4AA7A1E-2146-4082-A9CB-EB3C0A8C964A}" MDS_ONADDMENU="0"/><z:row MDS_NAME="_Dt.FieldType" MDS_GVIEWTYPE="1" MDS_SOLUTION="1" MDS_ID="217" MDS_ISLIST="2" MDS_TABLE="MD_FIELD_TYPE" MDS_ICO="42" MDS_DATABASE="-1" MDS_READONLY="1" MDS_DELETED="0" MDS_GUID="{FF318D09-A2A6-4D27-91F4-86EB0FBC6FA3}" MDS_ONADDMENU="0"/><z:row MDS_NAME="_Dt.FormElementType" MDS_GVIEWTYPE="1" MDS_SOLUTION="1" MDS_ID="218" MDS_ISLIST="2" MDS_TABLE="MD_ELEMENT_TYPE" MDS_ICO="47" MDS_DATABASE="-1" MDS_READONLY="1" MDS_DELETED="0" MDS_GUID="{CEED693F-714F-4517-A01A-AC16AADAB3EB}" MDS_ONADDMENU="0"/><z:row MDS_NAME="_Dt.Dictionary" MDS_GVIEWTYPE="1" MDS_SOLUTION="1" MDS_ID="231" MDS_ISLIST="3" MDS_TABLE="M_DICTIONARY" MDS_ICO="29" MDS_DATABASE="0" MDS_READONLY="0" MDS_DELETED="0" MDS_GUID="{90AEA2C1-13CD-4CF8-8C22-46EE74E4C204}" MDS_ONADDMENU="0"/><z:row MDS_NAME="_Dt.Database" MDS_GVIEWTYPE="1" MDS_SOLUTION="1" MDS_ID="232" MDS_ISLIST="3" MDS_TABLE="M_DATABASES" MDS_ICO="24" MDS_DATABASE="0" MDS_READONLY="0" MDS_DELETED="0" MDS_GUID="{2C771AA9-8CE8-476B-9861-77B546875954}" MDS_ONADDMENU="0"/><z:row MDS_NAME="_Dt.User" MDS_GVIEWTYPE="1" MDS_SOLUTION="1" MDS_ID="237" MDS_ISLIST="3" MDS_TABLE="M_USERS" MDS_ICO="5" MDS_DATABASE="0" MDS_READONLY="0" MDS_DELETED="0" MDS_GUID="{06EBF05E-3E2C-43A7-AE0A-8B2CAE7F1C71}" MDS_ONADDMENU="0"/><z:row MDS_NAME="_Dt.DatabaseType" MDS_GVIEWTYPE="1" MDS_SOLUTION="1" MDS_ID="238" MDS_ISLIST="2" MDS_TABLE="MD_DATABASE_TYPE" MDS_ICO="41" MDS_DATABASE="-1" MDS_READONLY="1" MDS_DELETED="0" MDS_GUID="{1D4D8950-A966-48FA-BD6D-E3642345E63A}" MDS_ONADDMENU="0"/><z:row MDS_NAME="_Dt.Ondelete" MDS_GVIEWTYPE="1" MDS_SOLUTION="1" MDS_ID="239" MDS_ISLIST="2" MDS_TABLE="MD_ON_DELETE" MDS_ICO="94" MDS_DATABASE="-1" MDS_READONLY="1" MDS_DELETED="0" MDS_GUID="{9AD8F886-D3F6-45F0-9E25-67DCB2F6DAC3}" MDS_ONADDMENU="0"/><z:row MDS_NAME="_Dt.DataType" MDS_GVIEWTYPE="1" MDS_SOLUTION="1" MDS_ID="240" MDS_ISLIST="2" MDS_TABLE="MD_DATA_TYPE" MDS_ICO="31" MDS_DATABASE="-1" MDS_READONLY="1" MDS_DELETED="0" MDS_GUID="{105A4F85-42A6-4E04-A736-EB751B895E68}" MDS_ONADDMENU="0"/><z:row MDS_NAME="_Dt.ViewType" MDS_GVIEWTYPE="1" MDS_SOLUTION="1" MDS_ID="246" MDS_ISLIST="2" MDS_TABLE="MD_VIEW_TYPE" MDS_ICO="27" MDS_DATABASE="-1" MDS_READONLY="1" MDS_DELETED="0" MDS_GUID="{FAEDA3BD-427D-49DC-99E1-126B8F89AC0E}" MDS_ONADDMENU="0"/><z:row MDS_NAME="_Dt.Alignment" MDS_GVIEWTYPE="1" MDS_SOLUTION="1" MDS_ID="247" MDS_ISLIST="2" MDS_TABLE="MD_ALIGNMENT" MDS_ICO="13893843" MDS_DATABASE="-1" MDS_READONLY="1" MDS_DELETED="0" MDS_GUID="{CD6C5A5F-0B6A-4FB6-8947-38E46CD4869C}" MDS_ONADDMENU="0"/><z:row MDS_NAME="_Dt.NodeType" MDS_GVIEWTYPE="1" MDS_SOLUTION="1" MDS_ID="291" MDS_ISLIST="2" MDS_TABLE="MD_NODE_TYPE" MDS_ICO="18" MDS_DATABASE="-1" MDS_READONLY="1" MDS_DELETED="0" MDS_GUID="{B028CBF5-BE0B-4ED8-9061-884AF26647A2}" MDS_ONADDMENU="0"/><z:row MDS_NAME="_Dt.ShowType" MDS_GVIEWTYPE="1" MDS_SOLUTION="1" MDS_ID="292" MDS_ISLIST="2" MDS_TABLE="MD_SHOW_TYPE" MDS_ICO="34" MDS_DATABASE="-1" MDS_READONLY="1" MDS_DELETED="0" MDS_GUID="{A9D4058E-1545-49C6-8B9A-0EE9B9AB6F26}" MDS_ONADDMENU="0"/><z:row MDS_NAME="_Dt.EventCondition" MDS_GVIEWTYPE="1" MDS_SOLUTION="1" MDS_ID="295" MDS_ISLIST="2" MDS_TABLE="MD_CONDITION_EVENT" MDS_ICO="113" MDS_DATABASE="-1" MDS_READONLY="1" MDS_DELETED="0" MDS_GUID="{E28BA7AE-5C0E-466A-99C3-DDD7A348679A}" MDS_ONADDMENU="0"/><z:row MDS_NAME="_Dt.UseCondition" MDS_GVIEWTYPE="1" MDS_SOLUTION="1" MDS_ID="296" MDS_ISLIST="2" MDS_TABLE="MD_CONDITION_USAGE" MDS_ICO="40" MDS_DATABASE="-1" MDS_READONLY="1" MDS_DELETED="0" MDS_GUID="{19F3FCEA-4FAC-43CB-97C7-731CE08F49EC}" MDS_ONADDMENU="0"/><z:row MDS_NAME="_Dt.FontStyle" MDS_GVIEWTYPE="1" MDS_SOLUTION="1" MDS_ID="298" MDS_ISLIST="2" MDS_TABLE="MD_FONT_STYLE" MDS_ICO="54" MDS_DATABASE="-1" MDS_READONLY="1" MDS_DELETED="0" MDS_GUID="{4A062C06-02A1-46FD-AE6C-4C8713965641}" MDS_ONADDMENU="0"/><z:row MDS_NAME="_Df.Color" MDS_GVIEWTYPE="1" MDS_SOLUTION="1" MDS_ID="299" MDS_ISLIST="2" MDS_TABLE="MD_FONT_COLOR" MDS_ICO="55" MDS_DATABASE="-1" MDS_READONLY="1" MDS_DELETED="0" MDS_GUID="{F91C86CC-F29D-45AB-9342-2D634563D56F}" MDS_ONADDMENU="0"/><z:row MDS_NAME="_Dt.Solution" MDS_GVIEWTYPE="1" MDS_SOLUTION="1" MDS_ID="300" MDS_ISLIST="3" MDS_TABLE="M_SOLUTIONS" MDS_ICO="14" MDS_DATABASE="0" MDS_READONLY="0" MDS_DELETED="0" MDS_GUID="{E3F361E5-31FD-43E8-87D3-BB932760F9D0}" MDS_ONADDMENU="0"/><z:row MDS_NAME="_Dt.Param" MDS_GVIEWTYPE="1" MDS_SOLUTION="1" MDS_ID="308" MDS_ISLIST="4" MDS_TABLE="M_PARAMETERS" MDS_ICO="28" MDS_DATABASE="0" MDS_READONLY="0" MDS_DELETED="0" MDS_GUID="{893566EA-1FA9-4284-825A-18255B00ED25}" MDS_ONADDMENU="0"/><z:row MDS_NAME="_Dt.Language" MDS_GVIEWTYPE="1" MDS_GVIEWPARS="ListStyle=Icon" MDS_SOLUTION="1" MDS_ID="312" MDS_ISLIST="2" MDS_TABLE="MD_LANGUAGE" MDS_ICO="29" MDS_DATABASE="0" MDS_READONLY="1" MDS_DELETED="0" MDS_GUID="{D5EFA9DE-E4E5-4C70-9632-3A7071559E17}" MDS_ONADDMENU="0"/><z:row MDS_NAME="_Dt.UserType" MDS_GVIEWTYPE="1" MDS_SOLUTION="1" MDS_ID="314" MDS_ISLIST="2" MDS_TABLE="MD_USER_TYPE" MDS_ICO="44" MDS_DATABASE="-1" MDS_READONLY="1" MDS_DELETED="0" MDS_GUID="{6762B331-75A1-4859-A87D-B97D878F3628}" MDS_ONADDMENU="0"/><z:row MDS_NAME="_Dt.OperationType" MDS_GVIEWTYPE="1" MDS_SOLUTION="1" MDS_ID="316" MDS_ISLIST="2" MDS_TABLE="MD_OPERATION_TYPE" MDS_ICO="7" MDS_DATABASE="-1" MDS_READONLY="1" MDS_DELETED="0" MDS_GUID="{13519647-B28E-40DE-892D-18F16EC1187A}" MDS_ONADDMENU="0"/><z:row MDS_NAME="_Dt.Policy" MDS_GVIEWTYPE="1" MDS_SOLUTION="1" MDS_ID="317" MDS_ISLIST="2" MDS_TABLE="MD_OBJECT_POLICY" MDS_ICO="38" MDS_DATABASE="-1" MDS_READONLY="1" MDS_DELETED="0" MDS_GUID="{E9F7B8E7-7E8C-43CD-AA56-07360FD5CB3D}" MDS_ONADDMENU="0"/><z:row MDS_NAME="_Dt.Right" MDS_GVIEWTYPE="1" MDS_SOLUTION="1" MDS_ID="318" MDS_ISLIST="4" MDS_TABLE="M_RIGHTS" MDS_ICO="38" MDS_DATABASE="0" MDS_READONLY="0" MDS_DELETED="0" MDS_GUID="{AA20551C-7E93-4B94-BEE5-0AAAC779F089}" MDS_ONADDMENU="0"/><z:row MDS_NAME="_Dt.Membership" MDS_GVIEWTYPE="1" MDS_SOLUTION="1" MDS_ID="319" MDS_ISLIST="4" MDS_TABLE="M_MEMBERSHIP" MDS_ICO="348395" MDS_DATABASE="0" MDS_READONLY="0" MDS_DELETED="0" MDS_GUID="{9867BFB1-7A27-4A40-8ABE-96D16F62C5EA}" MDS_ONADDMENU="0"/><z:row MDS_NAME="_Dt.Task" MDS_GVIEWTYPE="4" MDS_SOLUTION="1" MDS_ID="321" MDS_ISLIST="3" MDS_TABLE="M_TASKS" MDS_ICO="35" MDS_DATABASE="0" MDS_READONLY="0" MDS_DELETED="0" MDS_GUID="{9B49F361-6774-4739-8BBF-061C258470F8}" MDS_ONADDMENU="0"/><z:row MDS_NAME="_Dt.UserTask" MDS_GVIEWTYPE="4" MDS_SOLUTION="1" MDS_ID="322" MDS_ISLIST="4" MDS_TABLE="M_USERTASKS" MDS_ICO="290851" MDS_DATABASE="0" MDS_READONLY="0" MDS_DELETED="0" MDS_GUID="{1E4227E6-20CD-42DD-B429-2D813FAB1FDE}" MDS_ONADDMENU="0"/><z:row MDS_NAME="_Dt.ShortCut" MDS_GVIEWTYPE="1" MDS_SOLUTION="1" MDS_ID="323" MDS_ISLIST="4" MDS_TABLE="M_INTERRELATIONS" MDS_ICO="132" MDS_DATABASE="0" MDS_READONLY="0" MDS_DELETED="0" MDS_GUID="{99A7A44C-56BB-49F1-9A90-ABEAE895A172}" MDS_ONADDMENU="0"/><z:row MDS_NAME="_Dt.Note" MDS_GVIEWTYPE="1" MDS_SOLUTION="1" MDS_ID="324" MDS_ISLIST="4" MDS_TABLE="M_NOTES" MDS_ICO="19" MDS_DATABASE="0" MDS_READONLY="0" MDS_DELETED="0" MDS_GUID="{DA07AC66-0DCB-4F7A-AC8E-FC5CDD1141F8}" MDS_ONADDMENU="0"/><z:row MDS_NAME="_Dt.Role" MDS_GVIEWTYPE="1" MDS_SOLUTION="1" MDS_ID="327" MDS_ISLIST="2" MDS_TABLE="MD_ROLE_TYPE" MDS_ICO="132" MDS_DATABASE="-1" MDS_READONLY="1" MDS_DELETED="0" MDS_GUID="{09D63F9D-2168-4C01-81A0-2D8E1DF76DEE}" MDS_ONADDMENU="0"/><z:row MDS_NAME="_Dt.FieldCategory" MDS_GVIEWTYPE="1" MDS_SOLUTION="1" MDS_ID="328" MDS_ISLIST="2" MDS_TABLE="MD_FIELD_CATEGORY" MDS_ICO="95" MDS_DATABASE="-1" MDS_READONLY="1" MDS_DELETED="0" MDS_GUID="{A75A54EF-CF49-4B43-B569-8E6F4AA763E1}" MDS_ONADDMENU="0"/><z:row MDS_NAME="_Dt.ActionCondition" MDS_GVIEWTYPE="1" MDS_SOLUTION="1" MDS_ID="329" MDS_ISLIST="3" MDS_TABLE="M_ACTIONCONDITIONS" MDS_ICO="40" MDS_DATABASE="0" MDS_READONLY="0" MDS_DELETED="0" MDS_GUID="{883731F2-F603-4BAD-B89D-FE36AFE5030E}" MDS_ONADDMENU="0"/><z:row MDS_NAME="_Dt.CommandHidden" MDS_GVIEWTYPE="1" MDS_SOLUTION="1" MDS_ID="330" MDS_ISLIST="2" MDS_TABLE="MD_COMMAND_HIDDEN" MDS_ICO="21" MDS_DATABASE="-1" MDS_READONLY="1" MDS_DELETED="0" MDS_GUID="{237652A0-C680-45F1-8B09-769C037EEBC8}" MDS_ONADDMENU="0"/><z:row MDS_NAME="_Dt.Constraint" MDS_GVIEWTYPE="1" MDS_SOLUTION="1" MDS_ID="331" MDS_ISLIST="3" MDS_TABLE="M_CONSTRAINTS" MDS_ICO="112" MDS_DATABASE="0" MDS_READONLY="0" MDS_DELETED="0" MDS_GUID="{BD91CA67-2877-4A27-B68F-679494BA7C7A}" MDS_ONADDMENU="0"/><z:row MDS_NAME="_Dt.CommandType" MDS_GVIEWTYPE="1" MDS_SOLUTION="1" MDS_ID="332" MDS_ISLIST="2" MDS_TABLE="MD_COMMAND_TYPE" MDS_ICO="21" MDS_DATABASE="-1" MDS_READONLY="1" MDS_DELETED="0" MDS_GUID="{CA21B2FF-941E-4102-9701-5D636323D485}" MDS_ONADDMENU="0"/><z:row MDS_NAME="_Dt.Action" MDS_GVIEWTYPE="1" MDS_SOLUTION="1" MDS_ID="333" MDS_ISLIST="2" MDS_TABLE="MD_ACTIONS" MDS_ICO="35" MDS_DATABASE="-1" MDS_READONLY="1" MDS_DELETED="0" MDS_GUID="{C6C8870A-9D52-4CEF-98D7-C36DB8A6BFD4}" MDS_ONADDMENU="0"/><z:row MDS_NAME="_Dt.Procedure" MDS_GVIEWTYPE="1" MDS_SOLUTION="1" MDS_ID="334" MDS_ISLIST="2" MDS_TABLE="MD_PROCEDURENAME_ACTION" MDS_ICO="97" MDS_DATABASE="-1" MDS_READONLY="1" MDS_DELETED="0" MDS_GUID="{F62CE147-7FEE-4A6F-AB90-2056221F0495}" MDS_ONADDMENU="0"/><z:row MDS_NAME="_Dt.DataSet (_Dt.User)" MDS_GVIEWTYPE="1" MDS_SOLUTION="1" MDS_ID="716" MDS_ISLIST="4" MDS_TABLE="M_UDATASET" MDS_ICO="290884" MDS_DATABASE="0" MDS_READONLY="0" MDS_DELETED="0" MDS_GUID="{A0AA6D2B-EA6B-4E98-A7C3-B3A6405D4E0B}" MDS_ONADDMENU="0"/><z:row MDS_NAME="_Dt.UDataSetType" MDS_GVIEWTYPE="1" MDS_SOLUTION="1" MDS_ID="756" MDS_ISLIST="2" MDS_TABLE="MD_UDATASET_TYPE" MDS_ICO="21" MDS_DATABASE="-1" MDS_READONLY="1" MDS_DELETED="0" MDS_GUID="{30306A08-B72D-42A7-A9A7-19819EDFF487}" MDS_ONADDMENU="0"/><z:row MDS_NAME="_Dt.DataSetType" MDS_GVIEWTYPE="1" MDS_SOLUTION="1" MDS_ID="757" MDS_ISLIST="2" MDS_TABLE="MD_DATASET_TYPE" MDS_ICO="26" MDS_DATABASE="-1" MDS_READONLY="1" MDS_DELETED="0" MDS_GUID="{E1E02B81-8832-4FDC-A233-E6BC8504595D}" MDS_ONADDMENU="0"/><z:row MDS_NAME="_Dt.WhenCalc" MDS_GVIEWTYPE="1" MDS_SOLUTION="1" MDS_ID="758" MDS_ISLIST="2" MDS_TABLE="MD_WHEN_CALC" MDS_ICO="1011801" MDS_DATABASE="-1" MDS_READONLY="1" MDS_DELETED="0" MDS_GUID="{1C67F31A-D67A-4613-B203-FAA73225F015}" MDS_ONADDMENU="0"/><z:row MDS_NAME="_Dt.LoginType" MDS_GVIEWTYPE="1" MDS_SOLUTION="1" MDS_ID="759" MDS_ISLIST="2" MDS_TABLE="MD_LOGIN_TYPE" MDS_ICO="44" MDS_DATABASE="-1" MDS_READONLY="1" MDS_DELETED="0" MDS_GUID="{794EAD10-8772-4942-9F80-F8A90426F5A1}" MDS_ONADDMENU="0"/><z:row MDS_NAME="_dF.table M_ADDINFO" MDS_GVIEWTYPE="1" MDS_SOLUTION="1" MDS_ID="760" MDS_ISLIST="4" MDS_TABLE="M_ADDINFO" MDS_ICO="19" MDS_DATABASE="0" MDS_READONLY="0" MDS_DELETED="0" MDS_GUID="{3285ED6F-EF53-47F8-A891-3BB8609C8886}" MDS_ONADDMENU="0"/></rs:data></xml>
