<xml xmlns:s="uuid:BDC6E3F0-6DA3-11d1-A2A3-00AA00C14882" xmlns:dt="uuid:C2F41010-65B3-11d1-A29F-00AA00C14882" xmlns:rs="urn:schemas-microsoft-com:rowset" xmlns:z="#RowsetSchema"><s:Schema id="RowsetSchema"><s:ElementType name="row" content="eltOnly" rs:updatable="true"><s:AttributeType name="MDC_NAME" rs:number="1" rs:basetable="M_DICTIONARY" rs:basecolumn="MDC_NAME"><s:datatype dt:type="string" dt:maxLength="255"/></s:AttributeType><s:AttributeType name="MDC_ID" rs:number="2" rs:basetable="M_DICTIONARY" rs:basecolumn="MDC_ID" rs:keycolumn="true"><s:datatype dt:type="int" dt:maxLength="4" rs:precision="10" rs:fixedlength="true" rs:maybenull="false"/></s:AttributeType><s:AttributeType name="MDC_LANG" rs:number="3" rs:basetable="M_DICTIONARY" rs:basecolumn="MDC_LANG" foregn="MD_LANGUAGE"><s:datatype dt:type="int" dt:maxLength="4" rs:precision="10" rs:fixedlength="true"/></s:AttributeType><s:AttributeType name="MDC_TRANSLATE" rs:number="4" rs:basetable="M_DICTIONARY" rs:basecolumn="MDC_TRANSLATE"><s:datatype dt:type="string" dt:maxLength="255"/></s:AttributeType><s:AttributeType name="MDC_DELETED" rs:number="5" rs:basetable="M_DICTIONARY" rs:basecolumn="MDC_DELETED"><s:datatype dt:type="i2" dt:maxLength="2" rs:precision="5" rs:fixedlength="true"/><s:default>0</s:default></s:AttributeType><s:extends type="rs:rowbase"/></s:ElementType></s:Schema><rs:data/></xml>
