<xml xmlns:s="uuid:BDC6E3F0-6DA3-11d1-A2A3-00AA00C14882" xmlns:dt="uuid:C2F41010-65B3-11d1-A29F-00AA00C14882" xmlns:rs="urn:schemas-microsoft-com:rowset" xmlns:z="#RowsetSchema"><s:Schema id="RowsetSchema"><s:ElementType name="row" content="eltOnly" rs:updatable="true"><s:AttributeType name="MMN_NAME" rs:number="1" rs:basetable="M_MENU" rs:basecolumn="MMN_NAME"><s:datatype dt:type="string" dt:maxLength="255"/></s:AttributeType><s:AttributeType name="MMN_ID" rs:number="2" rs:basetable="M_MENU" rs:basecolumn="MMN_ID" rs:keycolumn="true"><s:datatype dt:type="int" dt:maxLength="4" rs:precision="10" rs:fixedlength="true" rs:maybenull="false"/></s:AttributeType><s:AttributeType name="MMN_GROUPFIELD" rs:number="3" rs:basetable="M_MENU" rs:basecolumn="MMN_GROUPFIELD" foregn="M_FIELDS"><s:datatype dt:type="int" dt:maxLength="4" rs:precision="10" rs:fixedlength="true"/></s:AttributeType><s:AttributeType name="MMN_DATASET" rs:number="4" rs:basetable="M_MENU" rs:basecolumn="MMN_DATASET" foregn="M_DATASETS"><s:datatype dt:type="int" dt:maxLength="4" rs:precision="10" rs:fixedlength="true"/></s:AttributeType><s:AttributeType name="MMN_OWNER" rs:number="5" rs:basetable="M_MENU" rs:basecolumn="MMN_OWNER" foregn="M_MENU"><s:datatype dt:type="int" dt:maxLength="4" rs:precision="10" rs:fixedlength="true"/><s:default>0</s:default></s:AttributeType><s:AttributeType name="MMN_ORDER" rs:number="6" rs:basetable="M_MENU" rs:basecolumn="MMN_ORDER"><s:datatype dt:type="int" dt:maxLength="4" rs:precision="10" rs:fixedlength="true"/></s:AttributeType><s:AttributeType name="MMN_DATASETVIEW" rs:number="7" rs:basetable="M_MENU" rs:basecolumn="MMN_DATASETVIEW"><s:datatype dt:type="int" dt:maxLength="4" rs:precision="10" rs:fixedlength="true"/><s:default>1</s:default></s:AttributeType><s:AttributeType name="MMN_DATASETPARS" rs:number="8" rs:basetable="M_MENU" rs:basecolumn="MMN_DATASETPARS"><s:datatype dt:type="string" dt:maxLength="1100"/></s:AttributeType><s:AttributeType name="MMN_TYPE" rs:number="9" rs:basetable="M_MENU" rs:basecolumn="MMN_TYPE"><s:datatype dt:type="i2" dt:maxLength="2" rs:precision="5" rs:fixedlength="true" rs:maybenull="false"/><s:default>1</s:default></s:AttributeType><s:AttributeType name="MMN_DELETED" rs:number="10" rs:basetable="M_MENU" rs:basecolumn="MMN_DELETED"><s:datatype dt:type="i2" dt:maxLength="2" rs:precision="5" rs:fixedlength="true"/><s:default>0</s:default></s:AttributeType><s:AttributeType name="MMN_ICO" rs:number="11" rs:basetable="M_MENU" rs:basecolumn="MMN_ICO"><s:datatype dt:type="int" dt:maxLength="4" rs:precision="10" rs:fixedlength="true"/></s:AttributeType><s:AttributeType name="MMN_FILTER" rs:number="12" rs:basetable="M_MENU" rs:basecolumn="MMN_FILTER"><s:datatype dt:type="string" dt:maxLength="1100"/></s:AttributeType><s:AttributeType name="MMN_GUID" rs:number="13" rs:basetable="M_MENU" rs:basecolumn="MMN_GUID"><s:datatype dt:type="uuid" dt:maxLength="16" rs:fixedlength="true"/><s:default>NEWGUID()</s:default></s:AttributeType><s:AttributeType name="MMN_BREAK" rs:number="14" rs:basetable="M_MENU" rs:basecolumn="MMN_BREAK"><s:datatype dt:type="i2" dt:maxLength="2" rs:precision="5" rs:fixedlength="true"/><s:default>0</s:default></s:AttributeType><s:extends type="rs:rowbase"/></s:ElementType></s:Schema><rs:data><z:row MMN_NAME="_Da.Commands" MMN_ID="23" MMN_DATASET="23" MMN_OWNER="209" MMN_ORDER="6" MMN_DATASETPARS="GroupBy=MCO_SOLUTION" MMN_TYPE="1" MMN_DELETED="0" MMN_GUID="{0FFBDBEF-2B3D-4900-B8D5-6D8BB7189B80}" MMN_BREAK="0"/><z:row MMN_NAME="_Dt.Param" MMN_ID="209" MMN_ORDER="2147483647" MMN_TYPE="2" MMN_DELETED="0" MMN_GUID="{FBDC286F-9331-4D38-8FB5-67830A6C4C86}" MMN_BREAK="0"/><z:row MMN_NAME="_Dt.FormElement" MMN_ID="101" MMN_DATASET="101" MMN_OWNER="212" MMN_ORDER="3" MMN_DATASETVIEW="2" MMN_DATASETPARS="GroupBy=MEL_DATASET" MMN_TYPE="1" MMN_DELETED="0" MMN_GUID="{036674AB-9067-4B3F-BC5D-652A5BDAAFF1}" MMN_BREAK="0"/><z:row MMN_NAME="_Dt.DataSet" MMN_ID="212" MMN_DATASET="212" MMN_OWNER="209" MMN_ORDER="5" MMN_DATASETVIEW="1" MMN_DATASETPARS="GroupBy=MDS_SOLUTION" MMN_TYPE="2" MMN_DELETED="0" MMN_GUID="{5C73C2A6-DC86-403D-B5C6-C4E2BC81A19C}" MMN_BREAK="0"/><z:row MMN_NAME="_Dt.Menu" MMN_ID="102" MMN_DATASET="102" MMN_OWNER="209" MMN_ORDER="7" MMN_DATASETVIEW="2" MMN_DATASETPARS="SortBy=MMN_ORDER, MMN_NAME" MMN_TYPE="1" MMN_DELETED="0" MMN_GUID="{4E2E8274-0C7C-46FA-8FE4-5D126C2B0004}" MMN_BREAK="0"/><z:row MMN_NAME="_Dt.Field" MMN_ID="103" MMN_DATASET="103" MMN_OWNER="212" MMN_ORDER="1" MMN_DATASETPARS="GroupBy=MFL_TABLE" MMN_TYPE="1" MMN_DELETED="0" MMN_GUID="{D5F44377-B3B1-4001-AAD2-DCFB14DE3B88}" MMN_BREAK="0"/><z:row MMN_NAME="_Dt.Dictionary" MMN_ID="227" MMN_DATASET="231" MMN_OWNER="209" MMN_ORDER="9" MMN_DATASETPARS="GroupBy=MDC_LANG" MMN_TYPE="1" MMN_DELETED="0" MMN_GUID="{78B8D4BE-1796-4AC4-8551-FC68E2201A5C}" MMN_BREAK="0"/><z:row MMN_NAME="_Dt.Database" MMN_ID="228" MMN_DATASET="232" MMN_OWNER="209" MMN_ORDER="4" MMN_TYPE="1" MMN_DELETED="0" MMN_GUID="{19CE7DB4-6E5E-463A-8397-3ECB1CE86DB2}" MMN_BREAK="0"/><z:row MMN_NAME="_Dt.User" MMN_ID="236" MMN_DATASET="237" MMN_OWNER="209" MMN_ORDER="1" MMN_TYPE="2" MMN_DELETED="0" MMN_GUID="{E2B3A277-4668-42AC-AEEA-9ED5AC7694BD}" MMN_BREAK="0"/><z:row MMN_NAME="_Dt.Solution" MMN_ID="273" MMN_DATASET="300" MMN_OWNER="209" MMN_ORDER="3" MMN_TYPE="1" MMN_DELETED="0" MMN_GUID="{234C1C40-A6BF-41B8-9CC4-4E36BCE5E623}" MMN_BREAK="0"/><z:row MMN_NAME="_Dt.Right" MMN_ID="277" MMN_DATASET="318" MMN_OWNER="236" MMN_ORDER="2" MMN_TYPE="1" MMN_DELETED="0" MMN_GUID="{C8F5C4FB-B06E-41CE-B584-593A71065375}" MMN_BREAK="0"/><z:row MMN_NAME="_Dt.Membership" MMN_ID="278" MMN_DATASET="319" MMN_OWNER="236" MMN_ORDER="3" MMN_TYPE="1" MMN_DELETED="0" MMN_GUID="{ED20740B-3841-466B-BDFE-3799F3A946FF}" MMN_BREAK="0"/><z:row MMN_NAME="_Dt.Constraint" MMN_ID="281" MMN_DATASET="331" MMN_OWNER="212" MMN_ORDER="2" MMN_DATASETPARS="GroupBy=ID_DATASET" MMN_TYPE="1" MMN_DELETED="0" MMN_GUID="{EB6E7D5F-64BD-4045-AB2A-6448249E33DC}" MMN_BREAK="0"/><z:row MMN_NAME="_Dt.DataSet" MMN_ID="439" MMN_DATASET="716" MMN_OWNER="236" MMN_ORDER="1" MMN_DATASETPARS="GroupBy=MUD_SUBJECTID" MMN_TYPE="1" MMN_DELETED="0" MMN_GUID="{C618D6C8-A853-4BAB-85C3-DE8FCB50E263}" MMN_BREAK="0"/></rs:data></xml>
