<xml xmlns:s="uuid:BDC6E3F0-6DA3-11d1-A2A3-00AA00C14882" xmlns:dt="uuid:C2F41010-65B3-11d1-A29F-00AA00C14882" xmlns:rs="urn:schemas-microsoft-com:rowset" xmlns:z="#RowsetSchema"><s:Schema id="RowsetSchema"><s:ElementType name="row" content="eltOnly" rs:updatable="true"><s:AttributeType name="MMB_ID" rs:number="1" rs:basetable="M_MEMBERSHIP" rs:basecolumn="MMB_ID" rs:keycolumn="true"><s:datatype dt:type="int" dt:maxLength="4" rs:precision="10" rs:fixedlength="true" rs:maybenull="false"/></s:AttributeType><s:AttributeType name="MMB_MEMBERID" rs:number="2" rs:basetable="M_MEMBERSHIP" rs:basecolumn="MMB_MEMBERID" foregn="M_USERS"><s:datatype dt:type="int" dt:maxLength="4" rs:precision="10" rs:fixedlength="true"/></s:AttributeType><s:AttributeType name="MMB_GROUPID" rs:number="3" rs:basetable="M_MEMBERSHIP" rs:basecolumn="MMB_GROUPID" foregn="M_USERS"><s:datatype dt:type="int" dt:maxLength="4" rs:precision="10" rs:fixedlength="true"/></s:AttributeType><s:extends type="rs:rowbase"/></s:ElementType></s:Schema><rs:data><z:row MMB_ID="1" MMB_MEMBERID="1" MMB_GROUPID="3"/></rs:data></xml>
