<xml xmlns:s="uuid:BDC6E3F0-6DA3-11d1-A2A3-00AA00C14882" xmlns:dt="uuid:C2F41010-65B3-11d1-A29F-00AA00C14882" xmlns:rs="urn:schemas-microsoft-com:rowset" xmlns:z="#RowsetSchema"><s:Schema id="RowsetSchema"><s:ElementType name="row" content="eltOnly" rs:updatable="true"><s:AttributeType name="NOTE" rs:number="1" rs:basetable="M_NOTES" rs:basecolumn="NOTE"><s:datatype dt:type="string" dt:maxLength="1100"/></s:AttributeType><s:AttributeType name="ID" rs:number="2" rs:basetable="M_NOTES" rs:basecolumn="ID" rs:keycolumn="true"><s:datatype dt:type="int" dt:maxLength="4" rs:precision="10" rs:fixedlength="true" rs:maybenull="false"/></s:AttributeType><s:AttributeType name="IDTABLE" rs:number="3" rs:basetable="M_NOTES" rs:basecolumn="IDTABLE" foregn="M_DATASETS"><s:datatype dt:type="int" dt:maxLength="4" rs:precision="10" rs:fixedlength="true"/></s:AttributeType><s:AttributeType name="RECORDKEY" rs:number="4" rs:basetable="M_NOTES" rs:basecolumn="RECORDKEY"><s:datatype dt:type="string" dt:maxLength="255"/></s:AttributeType><s:AttributeType name="IDAUTHOR" rs:number="5" rs:basetable="M_NOTES" rs:basecolumn="IDAUTHOR" foregn="M_USERS"><s:datatype dt:type="int" dt:maxLength="4" rs:precision="10" rs:fixedlength="true"/><s:default>User.ID</s:default></s:AttributeType><s:AttributeType name="CREATEDATE" rs:number="6" rs:basetable="M_NOTES" rs:basecolumn="CREATEDATE"><s:datatype dt:type="datetime" dt:maxLength="16" rs:precision="23" rs:scale="3" rs:fixedlength="true"/><s:default>NOW()</s:default></s:AttributeType><s:extends type="rs:rowbase"/></s:ElementType></s:Schema><rs:data/></xml>
