<xml xmlns:s="uuid:BDC6E3F0-6DA3-11d1-A2A3-00AA00C14882" xmlns:dt="uuid:C2F41010-65B3-11d1-A29F-00AA00C14882" xmlns:rs="urn:schemas-microsoft-com:rowset" xmlns:z="#RowsetSchema"><s:Schema id="RowsetSchema"><s:ElementType name="row" content="eltOnly" rs:updatable="true"><s:AttributeType name="MPR_NAME" rs:number="1" rs:basetable="M_PARAMETERS" rs:basecolumn="MPR_NAME"><s:datatype dt:type="string" dt:maxLength="255"/></s:AttributeType><s:AttributeType name="MPR_ID" rs:number="2" rs:basetable="M_PARAMETERS" rs:basecolumn="MPR_ID" rs:keycolumn="true"><s:datatype dt:type="int" dt:maxLength="4" rs:precision="10" rs:fixedlength="true" rs:maybenull="false"/></s:AttributeType><s:AttributeType name="MPR_CONFIG" rs:number="3" rs:basetable="M_PARAMETERS" rs:basecolumn="MPR_CONFIG" foregn="M_SOLUTIONS"><s:datatype dt:type="int" dt:maxLength="4" rs:precision="10" rs:fixedlength="true"/></s:AttributeType><s:AttributeType name="MPR_VALUE" rs:number="4" rs:basetable="M_PARAMETERS" rs:basecolumn="MPR_VALUE"><s:datatype dt:type="string" dt:maxLength="1100"/></s:AttributeType><s:AttributeType name="MPR_DELETED" rs:number="5" rs:basetable="M_PARAMETERS" rs:basecolumn="MPR_DELETED"><s:datatype dt:type="i2" dt:maxLength="2" rs:precision="5" rs:fixedlength="true"/><s:default>0</s:default></s:AttributeType><s:AttributeType name="MPR_DATATYPE" rs:number="6" rs:basetable="M_PARAMETERS" rs:basecolumn="MPR_DATATYPE"><s:datatype dt:type="int" dt:maxLength="4" rs:precision="10" rs:fixedlength="true"/></s:AttributeType><s:AttributeType name="MPR_WHENCALC" rs:number="7" rs:basetable="M_PARAMETERS" rs:basecolumn="MPR_WHENCALC"><s:datatype dt:type="i2" dt:maxLength="2" rs:precision="5" rs:fixedlength="true"/></s:AttributeType><s:extends type="rs:rowbase"/></s:ElementType></s:Schema><rs:data><z:row MPR_NAME="MetadataVersion" MPR_ID="1" MPR_CONFIG="1" MPR_VALUE="1.0.003" MPR_DELETED="0" MPR_DATATYPE="1" MPR_WHENCALC="1"/><z:row MPR_NAME="Attention" MPR_ID="2" MPR_CONFIG="1" MPR_VALUE="IIF(Version &lt; 6.04, 'You need to update the app to core version 6.04', NULL)" MPR_DELETED="0" MPR_DATATYPE="1" MPR_WHENCALC="2"/></rs:data></xml>
