<xml xmlns:s="uuid:BDC6E3F0-6DA3-11d1-A2A3-00AA00C14882" xmlns:dt="uuid:C2F41010-65B3-11d1-A29F-00AA00C14882" xmlns:rs="urn:schemas-microsoft-com:rowset" xmlns:z="#RowsetSchema"><s:Schema id="RowsetSchema"><s:ElementType name="row" content="eltOnly" rs:updatable="true"><s:AttributeType name="MRH_OBJECTID" rs:number="1" rs:basetable="M_RIGHTS" rs:basecolumn="MRH_OBJECTID"><s:datatype dt:type="string" dt:maxLength="1100"/></s:AttributeType><s:AttributeType name="MRH_RIGHTS" rs:number="2" rs:basetable="M_RIGHTS" rs:basecolumn="MRH_RIGHTS"><s:datatype dt:type="string" dt:maxLength="1100"/></s:AttributeType><s:AttributeType name="MRH_ID" rs:number="3" rs:basetable="M_RIGHTS" rs:basecolumn="MRH_ID" rs:keycolumn="true"><s:datatype dt:type="int" dt:maxLength="4" rs:precision="10" rs:fixedlength="true" rs:maybenull="false"/></s:AttributeType><s:AttributeType name="MRH_SUBJECTID" rs:number="4" rs:basetable="M_RIGHTS" rs:basecolumn="MRH_SUBJECTID" foregn="M_USERS"><s:datatype dt:type="int" dt:maxLength="4" rs:precision="10" rs:fixedlength="true"/></s:AttributeType><s:AttributeType name="MRH_OBJECTTYPE" rs:number="5" rs:basetable="M_RIGHTS" rs:basecolumn="MRH_OBJECTTYPE" foregn="M_DATASETS"><s:datatype dt:type="int" dt:maxLength="4" rs:precision="10" rs:fixedlength="true" rs:maybenull="false"/><s:default>1</s:default></s:AttributeType><s:AttributeType name="MRH_OPERATION" rs:number="6" rs:basetable="M_RIGHTS" rs:basecolumn="MRH_OPERATION"><s:datatype dt:type="int" dt:maxLength="4" rs:precision="10" rs:fixedlength="true"/></s:AttributeType><s:AttributeType name="MRH_POLICY" rs:number="7" rs:basetable="M_RIGHTS" rs:basecolumn="MRH_POLICY"><s:datatype dt:type="int" dt:maxLength="4" rs:precision="10" rs:fixedlength="true"/></s:AttributeType><s:extends type="rs:rowbase"/></s:ElementType></s:Schema><rs:data/></xml>
