<xml xmlns:s="uuid:BDC6E3F0-6DA3-11d1-A2A3-00AA00C14882" xmlns:dt="uuid:C2F41010-65B3-11d1-A29F-00AA00C14882" xmlns:rs="urn:schemas-microsoft-com:rowset" xmlns:z="#RowsetSchema"><s:Schema id="RowsetSchema"><s:ElementType name="row" content="eltOnly" rs:updatable="true"><s:AttributeType name="MSL_NAME" rs:number="1" rs:basetable="M_SOLUTIONS" rs:basecolumn="MSL_NAME"><s:datatype dt:type="string" dt:maxLength="255"/></s:AttributeType><s:AttributeType name="MSL_DEVELOPER" rs:number="2" rs:basetable="M_SOLUTIONS" rs:basecolumn="MSL_DEVELOPER"><s:datatype dt:type="string" dt:maxLength="255"/></s:AttributeType><s:AttributeType name="MSL_ID" rs:number="3" rs:basetable="M_SOLUTIONS" rs:basecolumn="MSL_ID" rs:keycolumn="true"><s:datatype dt:type="int" dt:maxLength="4" rs:precision="10" rs:fixedlength="true" rs:maybenull="false"/></s:AttributeType><s:AttributeType name="MSL_DESCRIPTION" rs:number="4" rs:basetable="M_SOLUTIONS" rs:basecolumn="MSL_DESCRIPTION"><s:datatype dt:type="string" dt:maxLength="1100"/></s:AttributeType><s:AttributeType name="MSL_DELETED" rs:number="5" rs:basetable="M_SOLUTIONS" rs:basecolumn="MSL_DELETED"><s:datatype dt:type="i2" dt:maxLength="2" rs:precision="5" rs:fixedlength="true"/><s:default>0</s:default></s:AttributeType><s:AttributeType name="MSL_GUID" rs:number="6" rs:basetable="M_SOLUTIONS" rs:basecolumn="MSL_GUID"><s:datatype dt:type="uuid" dt:maxLength="16" rs:fixedlength="true"/><s:default>NEWGUID()</s:default></s:AttributeType><s:AttributeType name="MSL_VERSION" rs:number="7" rs:basetable="M_SOLUTIONS" rs:basecolumn="MSL_VERSION"><s:datatype dt:type="int" dt:maxLength="4" rs:precision="10" rs:fixedlength="true"/><s:default>1</s:default></s:AttributeType><s:extends type="rs:rowbase"/></s:ElementType></s:Schema><rs:data><z:row MSL_NAME="_Base" MSL_DEVELOPER="DBCo.ru" MSL_ID="1" MSL_DESCRIPTION="System solution" MSL_DELETED="0" MSL_GUID="{00000000-0000-0000-0000-000000000000}" MSL_VERSION="200200"/></rs:data></xml>
