<xml xmlns:s="uuid:BDC6E3F0-6DA3-11d1-A2A3-00AA00C14882" xmlns:dt="uuid:C2F41010-65B3-11d1-A29F-00AA00C14882" xmlns:rs="urn:schemas-microsoft-com:rowset" xmlns:z="#RowsetSchema"><s:Schema id="RowsetSchema"><s:ElementType name="row" content="eltOnly" rs:updatable="true"><s:AttributeType name="MTS_ALERTMSG" rs:number="1" rs:basetable="M_TASKS" rs:basecolumn="MTS_ALERTMSG"><s:datatype dt:type="string" dt:maxLength="1100"/></s:AttributeType><s:AttributeType name="MTS_ID" rs:number="2" rs:basetable="M_TASKS" rs:basecolumn="MTS_ID" rs:keycolumn="true"><s:datatype dt:type="int" dt:maxLength="4" rs:precision="10" rs:fixedlength="true" rs:maybenull="false"/></s:AttributeType><s:AttributeType name="MTS_AUTHOR" rs:number="3" rs:basetable="M_TASKS" rs:basecolumn="MTS_AUTHOR" foregn="M_USERS"><s:datatype dt:type="int" dt:maxLength="4" rs:precision="10" rs:fixedlength="true"/></s:AttributeType><s:AttributeType name="MTS_CREATETIME" rs:number="4" rs:basetable="M_TASKS" rs:basecolumn="MTS_CREATETIME"><s:datatype dt:type="datetime" dt:maxLength="16" rs:precision="23" rs:scale="3" rs:fixedlength="true"/></s:AttributeType><s:AttributeType name="MTS_MODIFYTIME" rs:number="5" rs:basetable="M_TASKS" rs:basecolumn="MTS_MODIFYTIME"><s:datatype dt:type="datetime" dt:maxLength="16" rs:precision="23" rs:scale="3" rs:fixedlength="true"/></s:AttributeType><s:AttributeType name="MTS_PRIORITY" rs:number="6" rs:basetable="M_TASKS" rs:basecolumn="MTS_PRIORITY"><s:datatype dt:type="int" dt:maxLength="4" rs:precision="10" rs:fixedlength="true"/></s:AttributeType><s:AttributeType name="MTS_DELETED" rs:number="7" rs:basetable="M_TASKS" rs:basecolumn="MTS_DELETED"><s:datatype dt:type="i2" dt:maxLength="2" rs:precision="5" rs:fixedlength="true"/><s:default>0</s:default></s:AttributeType><s:AttributeType name="MTS_TABLEID" rs:number="8" rs:basetable="M_TASKS" rs:basecolumn="MTS_TABLEID" foregn="M_DATASETS"><s:datatype dt:type="int" dt:maxLength="4" rs:precision="10" rs:fixedlength="true"/></s:AttributeType><s:AttributeType name="MTS_STRPRIMARYKEY" rs:number="9" rs:basetable="M_TASKS" rs:basecolumn="MTS_STRPRIMARYKEY"><s:datatype dt:type="string" dt:maxLength="255"/></s:AttributeType><s:AttributeType name="MTS_DEADLINE" rs:number="10" rs:basetable="M_TASKS" rs:basecolumn="MTS_DEADLINE"><s:datatype dt:type="datetime" dt:maxLength="16" rs:precision="23" rs:scale="3" rs:fixedlength="true"/></s:AttributeType><s:AttributeType name="MTS_ACTUALTIME" rs:number="11" rs:basetable="M_TASKS" rs:basecolumn="MTS_ACTUALTIME"><s:datatype dt:type="datetime" dt:maxLength="16" rs:precision="23" rs:scale="3" rs:fixedlength="true"/></s:AttributeType><s:AttributeType name="MTS_CONDITIONID" rs:number="12" rs:basetable="M_TASKS" rs:basecolumn="MTS_CONDITIONID"><s:datatype dt:type="int" dt:maxLength="4" rs:precision="10" rs:fixedlength="true"/></s:AttributeType><s:extends type="rs:rowbase"/></s:ElementType></s:Schema><rs:data/></xml>
