<xml xmlns:s="uuid:BDC6E3F0-6DA3-11d1-A2A3-00AA00C14882" xmlns:dt="uuid:C2F41010-65B3-11d1-A29F-00AA00C14882" xmlns:rs="urn:schemas-microsoft-com:rowset" xmlns:z="#RowsetSchema"><s:Schema id="RowsetSchema"><s:ElementType name="row" content="eltOnly" rs:updatable="true"><s:AttributeType name="MUD_NAME" rs:number="1" rs:basetable="M_UDATASET" rs:basecolumn="MUD_NAME"><s:datatype dt:type="string" dt:maxLength="1100"/></s:AttributeType><s:AttributeType name="MUD_ID" rs:number="2" rs:basetable="M_UDATASET" rs:basecolumn="MUD_ID" rs:keycolumn="true"><s:datatype dt:type="int" dt:maxLength="4" rs:precision="10" rs:fixedlength="true" rs:maybenull="false"/></s:AttributeType><s:AttributeType name="MUD_SUBJECTID" rs:number="3" rs:basetable="M_UDATASET" rs:basecolumn="MUD_SUBJECTID" foregn="M_USERS"><s:datatype dt:type="int" dt:maxLength="4" rs:precision="10" rs:fixedlength="true"/></s:AttributeType><s:AttributeType name="MUD_DATASET" rs:number="4" rs:basetable="M_UDATASET" rs:basecolumn="MUD_DATASET" foregn="M_DATASETS"><s:datatype dt:type="int" dt:maxLength="4" rs:precision="10" rs:fixedlength="true"/></s:AttributeType><s:AttributeType name="MUD_TYPE" rs:number="5" rs:basetable="M_UDATASET" rs:basecolumn="MUD_TYPE"><s:datatype dt:type="int" dt:maxLength="4" rs:precision="10" rs:fixedlength="true"/><s:default>0</s:default></s:AttributeType><s:AttributeType name="MUD_ORDER" rs:number="6" rs:basetable="M_UDATASET" rs:basecolumn="MUD_ORDER"><s:datatype dt:type="int" dt:maxLength="4" rs:precision="10" rs:fixedlength="true"/></s:AttributeType><s:AttributeType name="MUD_PUBLIC" rs:number="7" rs:basetable="M_UDATASET" rs:basecolumn="MUD_PUBLIC"><s:datatype dt:type="int" dt:maxLength="4" rs:precision="10" rs:fixedlength="true"/></s:AttributeType><s:AttributeType name="MUD_XML" rs:number="8" rs:basetable="M_UDATASET" rs:basecolumn="MUD_XML"><s:datatype dt:type="string" dt:maxLength="1073741823" rs:long="true"/></s:AttributeType><s:extends type="rs:rowbase"/></s:ElementType></s:Schema><rs:data><z:row MUD_NAME="OpenStreetMap" MUD_ID="1" MUD_TYPE="8" MUD_ORDER="1" MUD_PUBLIC="1" MUD_XML="http://a.tile.openstreetmap.org/{zoom}/{col}/{row}.png"/><z:row MUD_NAME="2GIS" MUD_ID="2" MUD_TYPE="8" MUD_ORDER="2" MUD_PUBLIC="1" MUD_XML="http://static.maps.2gis.com/1.0?center={longitude},{latitude}&amp;zoom={zoom}&amp;size=256,256"/><z:row MUD_NAME="Yandex.Map" MUD_ID="3" MUD_TYPE="8" MUD_ORDER="3" MUD_PUBLIC="1" MUD_XML="https://static-maps.yandex.ru/1.x/?l=map&amp;ll={longitude},{latitude}&amp;z={zoom}&amp;size=256,256&amp;lang=ru_RU"/><z:row MUD_NAME="Yandex.Satellite" MUD_ID="4" MUD_TYPE="8" MUD_ORDER="4" MUD_PUBLIC="1" MUD_XML="https://static-maps.yandex.ru/1.x/?l=sat&amp;ll={longitude},{latitude}&amp;z={zoom}&amp;size=256,256&amp;lang=ru_RU"/><z:row MUD_NAME="Yandex.Hybrid" MUD_ID="5" MUD_TYPE="8" MUD_ORDER="5" MUD_PUBLIC="1" MUD_XML="https://static-maps.yandex.ru/1.x/?l=sat,skl&amp;ll={longitude},{latitude}&amp;z={zoom}&amp;size=256,256&amp;lang=ru_RU"/><z:row MUD_NAME="Yandex.Traffic" MUD_ID="6" MUD_TYPE="8" MUD_ORDER="6" MUD_PUBLIC="1" MUD_XML="https://static-maps.yandex.ru/1.x/?l=map,trf&amp;ll={longitude},{latitude}&amp;z={zoom}&amp;size=256,256&amp;lang=ru_RU"/><z:row MUD_NAME="Google.Roadmap" MUD_ID="7" MUD_TYPE="8" MUD_ORDER="7" MUD_PUBLIC="0" MUD_XML="https://maps.googleapis.com/maps/api/staticmap?maptype=roadmap&amp;center={latitude},{longitude}&amp;zoom={zoom}&amp;size=256x256&amp;format=PNG&amp;language=ru&amp;region=RU"/><z:row MUD_NAME="Google.Satellite" MUD_ID="8" MUD_TYPE="8" MUD_ORDER="8" MUD_PUBLIC="0" MUD_XML="https://maps.googleapis.com/maps/api/staticmap?maptype=satellite&amp;center={latitude},{longitude}&amp;zoom={zoom}&amp;size=256x256&amp;format=PNG&amp;language=ru&amp;region=RU"/><z:row MUD_NAME="Google.Terrain" MUD_ID="9" MUD_TYPE="8" MUD_ORDER="9" MUD_PUBLIC="0" MUD_XML="https://maps.googleapis.com/maps/api/staticmap?maptype=terrain&amp;center={latitude},{longitude}&amp;zoom={zoom}&amp;size=256x256&amp;format=PNG&amp;language=ru&amp;region=RU"/><z:row MUD_NAME="Google.Hybrid" MUD_ID="10" MUD_TYPE="8" MUD_ORDER="10" MUD_PUBLIC="0" MUD_XML="https://maps.googleapis.com/maps/api/staticmap?maptype=hybrid&amp;center={latitude},{longitude}&amp;zoom={zoom}&amp;size=256x256&amp;format=PNG&amp;language=ru&amp;region=RU"/><z:row MUD_NAME="Mcirosoft" MUD_ID="11" MUD_TYPE="8" MUD_ORDER="11" MUD_PUBLIC="0" MUD_XML="https://dev.virtualearth.net/REST/v1/Imagery/Map/Road/{latitude},{longitude}/{zoom}?mapSize=256,256&amp;mapLayer=Basemap,Buildings&amp;key=AoQDNT6Bo8XcNh1nJ7Fne0V-PjXFJ6_fcCgpPr0YIRVFNt1fvl8G-a-yGPbO505o"/><z:row MUD_NAME="Rosreestr" MUD_ID="12" MUD_TYPE="8" MUD_ORDER="12" MUD_XML="https://pkk.rosreestr.ru/arcgis/rest/services/BaseMaps/Anno/MapServer/tile/{zoom}/{row}/{col}"/><z:row MUD_NAME="MFL_DATASIZE = 200" MUD_ID="13" MUD_SUBJECTID="1" MUD_DATASET="103" MUD_TYPE="2" MUD_ORDER="1" MUD_PUBLIC="0" MUD_XML="&lt;filters operation=&quot;AND&quot;&gt;&#xA;  &lt;filter field=&quot;MFL_DATASIZE&quot; operation=&quot;EQ&quot; value=&quot;200&quot;/&gt;&#xA;&lt;/filters&gt;"/></rs:data></xml>
