<xml xmlns:s="uuid:BDC6E3F0-6DA3-11d1-A2A3-00AA00C14882" xmlns:dt="uuid:C2F41010-65B3-11d1-A29F-00AA00C14882" xmlns:rs="urn:schemas-microsoft-com:rowset" xmlns:z="#RowsetSchema"><s:Schema id="RowsetSchema"><s:ElementType name="row" content="eltOnly" rs:updatable="true"><s:AttributeType name="MUS_NAME" rs:number="1" rs:basetable="M_USERS" rs:basecolumn="MUS_NAME"><s:datatype dt:type="string" dt:maxLength="255"/></s:AttributeType><s:AttributeType name="MUS_ID" rs:number="2" rs:basetable="M_USERS" rs:basecolumn="MUS_ID" rs:keycolumn="true"><s:datatype dt:type="int" dt:maxLength="4" rs:precision="10" rs:fixedlength="true" rs:maybenull="false"/></s:AttributeType><s:AttributeType name="MUS_LOGIN" rs:number="3" rs:basetable="M_USERS" rs:basecolumn="MUS_LOGIN"><s:datatype dt:type="string" dt:maxLength="255"/></s:AttributeType><s:AttributeType name="MUS_PASSWORD" rs:number="4" rs:basetable="M_USERS" rs:basecolumn="MUS_PASSWORD"><s:datatype dt:type="string" dt:maxLength="255"/></s:AttributeType><s:AttributeType name="MUS_DISABLED" rs:number="5" rs:basetable="M_USERS" rs:basecolumn="MUS_DISABLED"><s:datatype dt:type="i2" dt:maxLength="2" rs:precision="5" rs:fixedlength="true"/><s:default>0</s:default></s:AttributeType><s:AttributeType name="MUS_ISADMIN" rs:number="6" rs:basetable="M_USERS" rs:basecolumn="MUS_ISADMIN"><s:datatype dt:type="i2" dt:maxLength="2" rs:precision="5" rs:fixedlength="true"/><s:default>0</s:default></s:AttributeType><s:AttributeType name="MUS_TYPE" rs:number="7" rs:basetable="M_USERS" rs:basecolumn="MUS_TYPE"><s:datatype dt:type="i2" dt:maxLength="2" rs:precision="5" rs:fixedlength="true"/><s:default>1</s:default></s:AttributeType><s:AttributeType name="MUS_DELETED" rs:number="8" rs:basetable="M_USERS" rs:basecolumn="MUS_DELETED"><s:datatype dt:type="i2" dt:maxLength="2" rs:precision="5" rs:fixedlength="true"/><s:default>0</s:default></s:AttributeType><s:AttributeType name="MUS_GUID" rs:number="9" rs:basetable="M_USERS" rs:basecolumn="MUS_GUID"><s:datatype dt:type="uuid" dt:maxLength="16" rs:fixedlength="true"/><s:default>NEWGUID()</s:default></s:AttributeType><s:AttributeType name="MUS_WORKERID" rs:number="10" rs:basetable="M_USERS" rs:basecolumn="MUS_WORKERID"><s:datatype dt:type="int" dt:maxLength="4" rs:precision="10" rs:fixedlength="true"/></s:AttributeType><s:extends type="rs:rowbase"/></s:ElementType></s:Schema><rs:data><z:row MUS_NAME="Administrator" MUS_ID="1" MUS_LOGIN="Administrator" MUS_PASSWORD="d41d8cd98f00b204e9800998ecf8427e" MUS_DISABLED="0" MUS_ISADMIN="1" MUS_TYPE="1" MUS_DELETED="0" MUS_GUID="{6671C8C2-2799-4C60-83DD-A2F650244CE9}"/><z:row MUS_NAME="_dV.group.admins" MUS_ID="3" MUS_LOGIN="Role_Admin" MUS_DISABLED="0" MUS_ISADMIN="1" MUS_TYPE="2" MUS_DELETED="0" MUS_GUID="{AB911440-4608-47B6-A3D1-9EA4B1EB6C95}"/><z:row MUS_NAME="_dV.group.users" MUS_ID="5" MUS_LOGIN="Role_User" MUS_DISABLED="0" MUS_ISADMIN="0" MUS_TYPE="2" MUS_DELETED="0" MUS_GUID="{66161AB6-1368-4B49-B0C5-6DA8327258B7}"/><z:row MUS_NAME="_dV.group.viewers" MUS_ID="6" MUS_LOGIN="Role_Viewer" MUS_DISABLED="0" MUS_ISADMIN="2" MUS_TYPE="2" MUS_DELETED="0" MUS_GUID="{F4B151D2-3E1F-4804-891D-5C310526C05A}"/></rs:data></xml>
