<xml xmlns:s="uuid:BDC6E3F0-6DA3-11d1-A2A3-00AA00C14882" xmlns:dt="uuid:C2F41010-65B3-11d1-A29F-00AA00C14882" xmlns:rs="urn:schemas-microsoft-com:rowset" xmlns:z="#RowsetSchema"><s:Schema id="RowsetSchema"><s:ElementType name="row" content="eltOnly" rs:updatable="true"><s:AttributeType name="MUT_TASKID" rs:number="1" rs:basetable="M_USERTASKS" rs:basecolumn="MUT_TASKID" foregn="M_TASKS"><s:datatype dt:type="int" dt:maxLength="4" rs:precision="10" rs:fixedlength="true"/></s:AttributeType><s:AttributeType name="MUT_ID" rs:number="2" rs:basetable="M_USERTASKS" rs:basecolumn="MUT_ID" rs:keycolumn="true"><s:datatype dt:type="int" dt:maxLength="4" rs:precision="10" rs:fixedlength="true" rs:maybenull="false"/></s:AttributeType><s:AttributeType name="MUT_USERID" rs:number="3" rs:basetable="M_USERTASKS" rs:basecolumn="MUT_USERID" foregn="M_USERS"><s:datatype dt:type="int" dt:maxLength="4" rs:precision="10" rs:fixedlength="true"/></s:AttributeType><s:AttributeType name="MUT_ALERTTIME" rs:number="4" rs:basetable="M_USERTASKS" rs:basecolumn="MUT_ALERTTIME"><s:datatype dt:type="datetime" dt:maxLength="16" rs:precision="23" rs:scale="3" rs:fixedlength="true"/></s:AttributeType><s:AttributeType name="MUT_STATE" rs:number="5" rs:basetable="M_USERTASKS" rs:basecolumn="MUT_STATE"><s:datatype dt:type="int" dt:maxLength="4" rs:precision="10" rs:fixedlength="true"/></s:AttributeType><s:AttributeType name="MUT_MODIFYTIME" rs:number="6" rs:basetable="M_USERTASKS" rs:basecolumn="MUT_MODIFYTIME"><s:datatype dt:type="datetime" dt:maxLength="16" rs:precision="23" rs:scale="3" rs:fixedlength="true"/></s:AttributeType><s:AttributeType name="MUT_DELETED" rs:number="7" rs:basetable="M_USERTASKS" rs:basecolumn="MUT_DELETED"><s:datatype dt:type="i2" dt:maxLength="2" rs:precision="5" rs:fixedlength="true"/><s:default>0</s:default></s:AttributeType><s:AttributeType name="MUT_COMMENTS" rs:number="8" rs:basetable="M_USERTASKS" rs:basecolumn="MUT_COMMENTS"><s:datatype dt:type="string" dt:maxLength="1100"/></s:AttributeType><s:AttributeType name="MUT_PERIOD" rs:number="9" rs:basetable="M_USERTASKS" rs:basecolumn="MUT_PERIOD"><s:datatype dt:type="datetime" dt:maxLength="16" rs:precision="23" rs:scale="3" rs:fixedlength="true"/></s:AttributeType><s:extends type="rs:rowbase"/></s:ElementType></s:Schema><rs:data/></xml>
