<xml xmlns:s="uuid:BDC6E3F0-6DA3-11d1-A2A3-00AA00C14882" xmlns:dt="uuid:C2F41010-65B3-11d1-A29F-00AA00C14882" xmlns:rs="urn:schemas-microsoft-com:rowset" xmlns:z="#RowsetSchema"><s:Schema id="RowsetSchema"><s:ElementType name="row" content="eltOnly" rs:updatable="true"><s:AttributeType name="NAME" rs:number="1" rs:basetable="MD_LANGUAGE" rs:basecolumn="NAME"><s:datatype dt:type="string" dt:maxLength="255"/></s:AttributeType><s:AttributeType name="ID" rs:number="2" rs:basetable="MD_LANGUAGE" rs:basecolumn="ID" rs:keycolumn="true"><s:datatype dt:type="int" dt:maxLength="4" rs:precision="10" rs:fixedlength="true" rs:maybenull="false"/></s:AttributeType><s:AttributeType name="CODE" rs:number="3" rs:basetable="MD_LANGUAGE" rs:basecolumn="CODE"><s:datatype dt:type="int" dt:maxLength="4" rs:precision="10" rs:fixedlength="true"/></s:AttributeType><s:AttributeType name="SIGN" rs:number="4" rs:basetable="MD_LANGUAGE" rs:basecolumn="SIGN"><s:datatype dt:type="string" dt:maxLength="8"/></s:AttributeType><s:extends type="rs:rowbase"/></s:ElementType></s:Schema><rs:data><z:row NAME="English" ID="9" CODE="1033" SIGN="EN"/><z:row NAME="Русский" ID="25" CODE="1049" SIGN="RU"/></rs:data></xml>
