<xml xmlns:s='uuid:BDC6E3F0-6DA3-11d1-A2A3-00AA00C14882'
	xmlns:dt='uuid:C2F41010-65B3-11d1-A29F-00AA00C14882'
	xmlns:rs='urn:schemas-microsoft-com:rowset'
	xmlns:z='#RowsetSchema'>
<s:Schema id='RowsetSchema'>
	<s:ElementType name='row' content='eltOnly' rs:updatable='true'>
		<s:AttributeType name='NAME' rs:number='1' rs:nullable='true' rs:basetable='MD_ACTIONS' rs:basecolumn='NAME'>
			<s:datatype dt:type='string' dt:maxLength='255'/>
		</s:AttributeType>
		<s:AttributeType name='ID' rs:number='2' rs:basetable='MD_ACTIONS' rs:basecolumn='ID' rs:keycolumn='true'>
			<s:datatype dt:type='int' dt:maxLength='4' rs:precision='10' rs:fixedlength='true' rs:maybenull='false'/>
		</s:AttributeType>
		<s:extends type='rs:rowbase'/>
	</s:ElementType>
</s:Schema>
<rs:data>
	<z:row NAME='_Dv.OnLogin' ID='1'/>
	<z:row NAME='_Dv.OnLogout' ID='2'/>
	<z:row NAME='_Dv.OnInserting' ID='3'/>
	<z:row NAME='_Dv.OnDeleting' ID='4'/>
	<z:row NAME='_Dv.OnUpdating' ID='5'/>
	<z:row NAME='_Dv.OnEditing' ID='6'/>
</rs:data>
</xml>