<xml xmlns:s='uuid:BDC6E3F0-6DA3-11d1-A2A3-00AA00C14882'
	xmlns:dt='uuid:C2F41010-65B3-11d1-A29F-00AA00C14882'
	xmlns:rs='urn:schemas-microsoft-com:rowset'
	xmlns:z='#RowsetSchema'>
<s:Schema id='RowsetSchema'>
	<s:ElementType name='row' content='eltOnly' rs:updatable='true'>
		<s:AttributeType name='NAME' rs:number='1' rs:nullable='true' rs:basetable='MD_COMMAND_TYPE' rs:basecolumn='NAME'>
			<s:datatype dt:type='string' dt:maxLength='255'/>
		</s:AttributeType>
		<s:AttributeType name='ID' rs:number='2' rs:basetable='MD_COMMAND_TYPE' rs:basecolumn='ID' rs:keycolumn='true'>
			<s:datatype dt:type='int' dt:maxLength='4' rs:precision='10' rs:fixedlength='true' rs:maybenull='false'/>
		</s:AttributeType>
		<s:extends type='rs:rowbase'/>
	</s:ElementType>
</s:Schema>
<rs:data>
	<z:row NAME='Группа действий' ID='0'/>
	<z:row NAME='Встроенное действие' ID='1'/>
	<z:row NAME='Хранимая процедура' ID='2'/>
	<z:row NAME='Внешная команда' ID='3'/>
	<z:row NAME='Установка значения поля' ID='4'/>
	<z:row NAME='Просмотр отчета' ID='5'/>
	<z:row NAME='Отчёт' ID='6'/>
	<z:row NAME='Добавление данных' ID='7'/>
	<z:row NAME='Обновление данных' ID='8'/>
	<z:row NAME='Выполнение скрипта' ID='10'/>
</rs:data>
</xml>