<xml xmlns:s='uuid:BDC6E3F0-6DA3-11d1-A2A3-00AA00C14882'
	xmlns:dt='uuid:C2F41010-65B3-11d1-A29F-00AA00C14882'
	xmlns:rs='urn:schemas-microsoft-com:rowset'
	xmlns:z='#RowsetSchema'>
<s:Schema id='RowsetSchema'>
	<s:ElementType name='row' content='eltOnly' rs:updatable='true'>
		<s:AttributeType name='NAME' rs:number='1' rs:nullable='true' rs:basetable='MD_DATABASE_TYPE' rs:basecolumn='NAME'>
			<s:datatype dt:type='string' dt:maxLength='255'/>
		</s:AttributeType>
		<s:AttributeType name='ID' rs:number='2' rs:basetable='MD_DATABASE_TYPE' rs:basecolumn='ID' rs:keycolumn='true'>
			<s:datatype dt:type='int' dt:maxLength='4' rs:precision='10' rs:fixedlength='true' rs:maybenull='false'/>
		</s:AttributeType>
		<s:extends type='rs:rowbase'/>
	</s:ElementType>
</s:Schema>
<rs:data>
	<z:row NAME='_dL.notspecified' ID='0'/>
	<z:row NAME='PostgreSQL' ID='7'/>
	<z:row NAME='Microsoft SQL' ID='8'/>
	<z:row NAME='ODBC - Open Database Connectivity' ID='9'/>
	<z:row NAME='Microsoft Access' ID='11'/>
	<z:row NAME='MySQL' ID='12'/>
	<z:row NAME='DBCO _dA.file .xml / .xmlx / .zip • ReadOnly' ID='16'/>
	<z:row NAME='ADO _dA.file .xml / .xlmx • ReadOnly' ID='17'/>
	<z:row NAME='InterBase / FireBird • Beta version' ID='18'/>
</rs:data>
</xml>
