<xml xmlns:s='uuid:BDC6E3F0-6DA3-11d1-A2A3-00AA00C14882'
	xmlns:dt='uuid:C2F41010-65B3-11d1-A29F-00AA00C14882'
	xmlns:rs='urn:schemas-microsoft-com:rowset'
	xmlns:z='#RowsetSchema'>
<s:Schema id='RowsetSchema'>
	<s:ElementType name='row' content='eltOnly' rs:updatable='true'>
		<s:AttributeType name='NAME' rs:number='1' rs:nullable='true' rs:basetable='MD_DATA_TYPE' rs:basecolumn='NAME'>
			<s:datatype dt:type='string' dt:maxLength='255'/>
		</s:AttributeType>
		<s:AttributeType name='ID' rs:number='2' rs:basetable='MD_DATA_TYPE' rs:basecolumn='ID' rs:keycolumn='true'>
			<s:datatype dt:type='int' dt:maxLength='4' rs:precision='10' rs:fixedlength='true' rs:maybenull='false'/>
		</s:AttributeType>
		<s:extends type='rs:rowbase'/>
	</s:ElementType>
</s:Schema>
<rs:data>
	<z:row NAME='_dL.notspecified' ID='0'/>
	<z:row NAME='String' ID='1'/>
	<z:row NAME='Small Integer' ID='2'/>
	<z:row NAME='Integer' ID='3'/>
	<z:row NAME='Word' ID='4'/>
	<z:row NAME='Boolean' ID='5'/>
	<z:row NAME='Float' ID='6'/>
	<z:row NAME='Currency' ID='7'/>
	<z:row NAME='BCD - Binary Coded Decimal' ID='8'/>
	<z:row NAME='Date' ID='9'/>
	<z:row NAME='Time' ID='10'/>
	<z:row NAME='Date &amp; Time' ID='11'/>
	<z:row NAME='Fixed Bytes' ID='12'/>
	<z:row NAME='Variable Bytes' ID='13'/>
	<z:row NAME='Auto Increment' ID='14'/>
	<z:row NAME='BLOB - Binary Large OBject' ID='15'/>
	<z:row NAME='Memo' ID='16'/>
	<z:row NAME='Graphic' ID='17'/>
	<z:row NAME='FmtMemo' ID='18'/>
	<z:row NAME='Paradox OLE' ID='19'/>
	<z:row NAME='dBase OLE' ID='20'/>
	<z:row NAME='Typed Binary' ID='21'/>
	<z:row NAME='Oracle Cursor' ID='22'/>
	<z:row NAME='Fixed Character' ID='23'/>
	<z:row NAME='Wide String' ID='24'/>
	<z:row NAME='Large Integer' ID='25'/>
	<z:row NAME='Array' ID='26'/>
	<z:row NAME='ADT - Abstract Data Type' ID='27'/>
	<z:row NAME='Reference' ID='28'/>
	<z:row NAME='Dataset' ID='29'/>
	<z:row NAME='Oracle BLOB' ID='30'/>
	<z:row NAME='Oracle CLOB' ID='31'/>
	<z:row NAME='Variant' ID='32'/>
	<z:row NAME='Interface' ID='33'/>
	<z:row NAME='Dispatch' ID='34'/>
	<z:row NAME='GUID - Globally Unique IDentifier' ID='35'/>
	<z:row NAME='TimeStamp' ID='36'/>
	<z:row NAME='FMT BCD' ID='37'/>
	<z:row NAME='Fixed Wide Character' ID='38'/>
	<z:row NAME='Wide Memo' ID='39'/>
	<z:row NAME='Oracle TimeStamp' ID='40'/>
	<z:row NAME='Oracle Interval' ID='41'/>
	<z:row NAME='Long Word' ID='42'/>
	<z:row NAME='Short Integer' ID='43'/>
	<z:row NAME='Byte' ID='44'/>
	<z:row NAME='Extended' ID='45'/>
	<z:row NAME='Single' ID='51'/>
</rs:data>
</xml>