<xml xmlns:s='uuid:BDC6E3F0-6DA3-11d1-A2A3-00AA00C14882'
	xmlns:dt='uuid:C2F41010-65B3-11d1-A29F-00AA00C14882'
	xmlns:rs='urn:schemas-microsoft-com:rowset'
	xmlns:z='#RowsetSchema'>
<s:Schema id='RowsetSchema'>
	<s:ElementType name='row' content='eltOnly' rs:updatable='true'>
		<s:AttributeType name='NAME' rs:number='1' rs:basetable='MD_ELEMENT_TYPE' rs:basecolumn='NAME'>
			<s:datatype dt:type='string' dt:maxLength='255'/>
		</s:AttributeType>
		<s:AttributeType name='ID' rs:number='2' rs:basetable='MD_ELEMENT_TYPE' rs:basecolumn='ID' rs:keycolumn='true'>
			<s:datatype dt:type='int' dt:maxLength='4' rs:precision='10' rs:fixedlength='true' rs:maybenull='false'/>
		</s:AttributeType>
		<s:extends type='rs:rowbase'/>
	</s:ElementType>
</s:Schema>
<rs:data>
	<z:row NAME='_Dv.ElemForm' ID='1'/>
	<z:row NAME='_Dv.ElemPanel' ID='2'/>
	<z:row NAME='_Dv.ElemSign' ID='3'/>
	<z:row NAME='_Dl.separator' ID='4'/>
	<z:row NAME='_Dv.ElemPage' ID='5'/>
	<z:row NAME='_Df.Default' ID='6'/>
	<z:row NAME='_Df.Date' ID='7'/>
	<z:row NAME='_Dv.ElemSwitch' ID='8'/>
	<z:row NAME='_Df.Time' ID='10'/>
	<z:row NAME='_Dv.ElemLinkedlist' ID='11'/>
	<z:row NAME='_Dv.Button' ID='13'/>
	<z:row NAME='_Dv.ElemInteger' ID='15'/>
	<z:row NAME='_Dv.ElemFloat' ID='16'/>
	<z:row NAME='_Dv.ElemString' ID='17'/>
	<z:row NAME='Internet Explorer' ID='50'/>
	<z:row NAME='_Dv.ElemTreeCombo' ID='51'/>
	<z:row NAME='_Dv.ElemGrid' ID='53'/>
	<z:row NAME='_Df.Barcode' ID='54'/>
	<z:row NAME='_Df.Ico' ID='55'/>
	<z:row NAME='_Dv.ElemSwitchlist' ID='56'/>
	<z:row NAME='_Dv.ElemPageGrid' ID='57'/>
	<z:row NAME='_Df.Color' ID='58'/>
	<z:row NAME='_Dv.ElemTree' ID='59'/>
	<z:row NAME='_Dt.Field (_dt.Database)' ID='101'/>
	<z:row NAME='_Df.Table (_dt.DataBase)' ID='102'/>
</rs:data>
</xml>