<xml xmlns:s='uuid:BDC6E3F0-6DA3-11d1-A2A3-00AA00C14882'
	xmlns:dt='uuid:C2F41010-65B3-11d1-A29F-00AA00C14882'
	xmlns:rs='urn:schemas-microsoft-com:rowset'
	xmlns:z='#RowsetSchema'>
<s:Schema id='RowsetSchema'>
	<s:ElementType name='row' content='eltOnly' rs:updatable='true'>
		<s:AttributeType name='NAME' rs:number='1' rs:basetable='MD_FONT_COLOR' rs:basecolumn='NAME'>
			<s:datatype dt:type='string' dt:maxLength='255'/>
		</s:AttributeType>
		<s:AttributeType name='ID' rs:number='2' rs:basetable='MD_FONT_COLOR' rs:basecolumn='ID' rs:keycolumn='true'>
			<s:datatype dt:type='int' dt:maxLength='4' rs:precision='10' rs:fixedlength='true' rs:maybenull='false'/>
		</s:AttributeType>
		<s:extends type='rs:rowbase'/>
	</s:ElementType>
</s:Schema>
<rs:data>
	<z:row NAME='_Dv.ColorDefault' ID='0'/>
	<z:row NAME='_Dv.ColorBlack' ID='1'/>
	<z:row NAME='_Dv.ColorWhite' ID='2'/>
	<z:row NAME='_Dv.ColorGray' ID='3'/>
	<z:row NAME='_Dv.ColorChocolate' ID='4'/>
	<z:row NAME='_Dv.ColorYellow' ID='5'/>
	<z:row NAME='_Dv.ColorLime' ID='6'/>
	<z:row NAME='_Dv.ColorGreen' ID='7'/>
	<z:row NAME='_Dv.ColorTurquoise' ID='8'/>
	<z:row NAME='_Dv.ColorCian' ID='9'/>
	<z:row NAME='_Dv.ColorBlue' ID='10'/>
	<z:row NAME='_Dv.ColorNavi' ID='11'/>
	<z:row NAME='_Dv.ColorPurple' ID='12'/>
	<z:row NAME='_Dv.ColorMagenta' ID='13'/>
	<z:row NAME='_Dv.ColorCrimson' ID='14'/> 
	<z:row NAME='_Dv.ColorRed' ID='15'/>
</rs:data>
</xml>