<xml xmlns:s='uuid:BDC6E3F0-6DA3-11d1-A2A3-00AA00C14882'
	xmlns:dt='uuid:C2F41010-65B3-11d1-A29F-00AA00C14882'
	xmlns:rs='urn:schemas-microsoft-com:rowset'
	xmlns:z='#RowsetSchema'>
<s:Schema id='RowsetSchema'>
	<s:ElementType name='row' content='eltOnly' rs:updatable='true'>
		<s:AttributeType name='NAME' rs:number='1' rs:basetable='MD_FIELD_TYPE' rs:basecolumn='NAME'>
			<s:datatype dt:type='string' dt:maxLength='200'/>
		</s:AttributeType>
		<s:AttributeType name='ID' rs:number='2' rs:basetable='MD_FIELD_TYPE' rs:basecolumn='ID' rs:keycolumn='true'>
			<s:datatype dt:type='int' dt:maxLength='4' rs:precision='10' rs:fixedlength='true' rs:maybenull='false'/>
		</s:AttributeType>
		<s:extends type='rs:rowbase'/>
	</s:ElementType>
</s:Schema>
<rs:data>
	<z:row NAME='_Df.Namefield' ID='1'/>
	<z:row NAME='_Df.Deleted' ID='2'/>
	<z:row NAME='_Df.Default' ID='4'/>
	<z:row NAME='_Df.Default (_df.group)' ID='8'/>
	<z:row NAME='_Df.Folder' ID='16'/>
	<z:row NAME='_Df.Created' ID='32'/>
	<z:row NAME='_Df.Modified' ID='64'/>
	<z:row NAME='_Df.Author' ID='128'/>
	<z:row NAME='_Df.Editor' ID='256'/>
	<z:row NAME='_Df.ValueNotPaste' ID='512'/>
	<z:row NAME='_Df.Ico' ID='1024'/>
	<z:row NAME='_Df.Color' ID='2048'/>
	<z:row NAME='_Df.Latitude' ID='16384'/>
	<z:row NAME='_Df.Longitude' ID='32768'/>
	<z:row NAME='_Df.Address' ID='65536'/>
	<z:row NAME='_Df.Phone' ID='131072'/>
	<z:row NAME='_Df.Mail' ID='262144'/>
	<z:row NAME='Drag &amp; Drop' ID='524288'/>
</rs:data>
</xml>